timestamp,type,sport,match,league,market,edge_pct,confidence,suggested_stake,details
2026-04-15 21:45 UTC,ARBITRAGE,soccer,Inter Milan vs Cagliari,Serie A - Italy,h2h,2.606,SURE,26.06,"{""Cagliari"": {""bookmaker"": ""Coolbet"", ""odds"": 16.25, ""stake_pct"": 6.32, ""stake_amount"": 63.19}, ""Draw"": {""bookmaker"": ""Matchbook"", ""odds"": 8.0, ""stake_pct"": 12.83, ""stake_amount"": 128.34}, ""Inter Milan"": {""bookmaker"": ""1xBet"", ""odds"": 1.27, ""stake_pct"": 80.85, ""stake_amount"": 808.47}}"
2026-04-15 21:45 UTC,ARBITRAGE,soccer,Aston Villa vs Bologna,UEFA Europa League,h2h,1.874,SURE,18.74,"{""Aston Villa"": {""bookmaker"": ""Betfred (UK)"", ""odds"": 1.67, ""stake_pct"": 61.02, ""stake_amount"": 610.24}, ""Bologna"": {""bookmaker"": ""Smarkets"", ""odds"": 6.6, ""stake_pct"": 15.44, ""stake_amount"": 154.41}, ""Draw"": {""bookmaker"": ""1xBet"", ""odds"": 4.33, ""stake_pct"": 23.54, ""stake_amount"": 235.36}}"
2026-04-15 21:45 UTC,ARBITRAGE,soccer,VfB Stuttgart vs Werder Bremen,Bundesliga - Germany,h2h,1.418,SURE,14.18,"{""Werder Bremen"": {""bookmaker"": ""BetOnline.ag"", ""odds"": 6.5, ""stake_pct"": 15.61, ""stake_amount"": 156.06}, ""VfB Stuttgart"": {""bookmaker"": ""1xBet"", ""odds"": 1.64, ""stake_pct"": 61.85, ""stake_amount"": 618.52}, ""Draw"": {""bookmaker"": ""Unibet (NL)"", ""odds"": 4.5, ""stake_pct"": 22.54, ""stake_amount"": 225.42}}"
2026-04-15 21:45 UTC,ARBITRAGE,soccer,Barcelona vs Celta Vigo,La Liga - Spain,h2h,1.385,SURE,13.85,"{""Celta Vigo"": {""bookmaker"": ""Unibet (SE)"", ""odds"": 10.5, ""stake_pct"": 9.66, ""stake_amount"": 96.58}, ""Barcelona"": {""bookmaker"": ""1xBet"", ""odds"": 1.32, ""stake_pct"": 76.82, ""stake_amount"": 768.22}, ""Draw"": {""bookmaker"": ""BetOnline.ag"", ""odds"": 7.5, ""stake_pct"": 13.52, ""stake_amount"": 135.21}}"
2026-04-15 21:45 UTC,ARBITRAGE,soccer,Crystal Palace vs West Ham United,EPL,h2h,1.065,SURE,10.65,"{""West Ham United"": {""bookmaker"": ""1xBet"", ""odds"": 3.58, ""stake_pct"": 28.23, ""stake_amount"": 282.34}, ""Crystal Palace"": {""bookmaker"": ""Nordic Bet"", ""odds"": 2.38, ""stake_pct"": 42.47, ""stake_amount"": 424.69}, ""Draw"": {""bookmaker"": ""Betfair"", ""odds"": 3.45, ""stake_pct"": 29.3, ""stake_amount"": 292.97}}"
2026-04-15 21:45 UTC,ARBITRAGE,soccer,Fiorentina vs Sassuolo,Serie A - Italy,h2h,1.049,SURE,10.49,"{""Sassuolo"": {""bookmaker"": ""BetOnline.ag"", ""odds"": 4.7, ""stake_pct"": 21.5, ""stake_amount"": 215.02}, ""Draw"": {""bookmaker"": ""Unibet (SE)"", ""odds"": 3.55, ""stake_pct"": 28.47, ""stake_amount"": 284.68}, ""Fiorentina"": {""bookmaker"": ""Nordic Bet"", ""odds"": 2.02, ""stake_pct"": 50.03, ""stake_amount"": 500.3}}"
2026-04-15 21:45 UTC,ARBITRAGE,soccer,Hellas Verona vs AC Milan,Serie A - Italy,h2h,0.954,SURE,9.54,"{""AC Milan"": {""bookmaker"": ""GTbets"", ""odds"": 1.65, ""stake_pct"": 61.19, ""stake_amount"": 611.9}, ""Hellas Verona"": {""bookmaker"": ""Smarkets"", ""odds"": 7.0, ""stake_pct"": 14.42, ""stake_amount"": 144.23}, ""Draw"": {""bookmaker"": ""1xBet"", ""odds"": 4.14, ""stake_pct"": 24.39, ""stake_amount"": 243.87}}"
2026-04-15 21:45 UTC,ARBITRAGE,soccer,Napoli vs Lazio,Serie A - Italy,h2h,0.88,SURE,8.8,"{""Napoli"": {""bookmaker"": ""GTbets"", ""odds"": 1.65, ""stake_pct"": 61.14, ""stake_amount"": 611.44}, ""Lazio"": {""bookmaker"": ""Smarkets"", ""odds"": 7.4, ""stake_pct"": 13.63, ""stake_amount"": 136.34}, ""Draw"": {""bookmaker"": ""Tipico"", ""odds"": 4.0, ""stake_pct"": 25.22, ""stake_amount"": 252.22}}"
2026-04-15 21:45 UTC,ARBITRAGE,basketball,Philadelphia 76ers vs Orlando Magic,NBA,h2h,0.747,SURE,7.47,"{""Orlando Magic"": {""bookmaker"": ""1xBet"", ""odds"": 2.12, ""stake_pct"": 47.52, ""stake_amount"": 475.25}, ""Philadelphia 76ers"": {""bookmaker"": ""Betfair"", ""odds"": 1.92, ""stake_pct"": 52.48, ""stake_amount"": 524.75}}"
2026-04-15 21:45 UTC,ARBITRAGE,soccer,AS Roma vs Atalanta BC,Serie A - Italy,h2h,0.737,SURE,7.37,"{""AS Roma"": {""bookmaker"": ""Betfair"", ""odds"": 2.5, ""stake_pct"": 40.3, ""stake_amount"": 402.97}, ""Draw"": {""bookmaker"": ""Unibet (SE)"", ""odds"": 3.4, ""stake_pct"": 29.63, ""stake_amount"": 296.3}, ""Atalanta BC"": {""bookmaker"": ""Unibet (SE)"", ""odds"": 3.35, ""stake_pct"": 30.07, ""stake_amount"": 300.73}}"
2026-04-15 21:45 UTC,ARBITRAGE,soccer,FSV Mainz 05 vs Bayern Munich,Bundesliga - Germany,h2h,0.644,SURE,6.44,"{""FSV Mainz 05"": {""bookmaker"": ""Unibet (SE)"", ""odds"": 6.5, ""stake_pct"": 15.48, ""stake_amount"": 154.84}, ""Bayern Munich"": {""bookmaker"": ""Betfair"", ""odds"": 1.52, ""stake_pct"": 66.22, ""stake_amount"": 662.16}, ""Draw"": {""bookmaker"": ""BetOnline.ag"", ""odds"": 5.5, ""stake_pct"": 18.3, ""stake_amount"": 183.0}}"
2026-04-15 21:45 UTC,ARBITRAGE,soccer,Metz vs Paris FC,Ligue 1 - France,h2h,0.644,SURE,6.44,"{""Paris FC"": {""bookmaker"": ""GTbets"", ""odds"": 2.19, ""stake_pct"": 45.96, ""stake_amount"": 459.58}, ""Metz"": {""bookmaker"": ""Unibet (SE)"", ""odds"": 3.7, ""stake_pct"": 27.2, ""stake_amount"": 272.02}, ""Draw"": {""bookmaker"": ""Coolbet"", ""odds"": 3.75, ""stake_pct"": 26.84, ""stake_amount"": 268.4}}"
2026-04-15 21:45 UTC,ARBITRAGE,soccer,Lyon vs Auxerre,Ligue 1 - France,h2h,0.639,SURE,6.39,"{""Auxerre"": {""bookmaker"": ""Betfair"", ""odds"": 5.3, ""stake_pct"": 18.99, ""stake_amount"": 189.89}, ""Draw"": {""bookmaker"": ""1xBet"", ""odds"": 4.01, ""stake_pct"": 25.1, ""stake_amount"": 250.98}, ""Lyon"": {""bookmaker"": ""Betsson"", ""odds"": 1.8, ""stake_pct"": 55.91, ""stake_amount"": 559.13}}"
2026-04-15 21:45 UTC,ARBITRAGE,soccer,Atlético Madrid vs Athletic Bilbao,La Liga - Spain,h2h,0.636,SURE,6.36,"{""Atlético Madrid"": {""bookmaker"": ""1xBet"", ""odds"": 2.51, ""stake_pct"": 40.1, ""stake_amount"": 400.95}, ""Athletic Bilbao"": {""bookmaker"": ""Unibet (NL)"", ""odds"": 3.15, ""stake_pct"": 31.95, ""stake_amount"": 319.49}, ""Draw"": {""bookmaker"": ""Unibet (NL)"", ""odds"": 3.6, ""stake_pct"": 27.96, ""stake_amount"": 279.55}}"
2026-04-15 21:45 UTC,ARBITRAGE,soccer,Leeds United vs Wolverhampton Wanderers,EPL,h2h,0.632,SURE,6.32,"{""Leeds United"": {""bookmaker"": ""1xBet"", ""odds"": 1.69, ""stake_pct"": 59.55, ""stake_amount"": 595.48}, ""Draw"": {""bookmaker"": ""BetOnline.ag"", ""odds"": 4.25, ""stake_pct"": 23.68, ""stake_amount"": 236.79}, ""Wolverhampton Wanderers"": {""bookmaker"": ""Smarkets"", ""odds"": 6.0, ""stake_pct"": 16.77, ""stake_amount"": 167.73}}"
2026-04-15 21:45 UTC,ARBITRAGE,soccer,Juventus vs Bologna,Serie A - Italy,h2h,0.557,SURE,5.57,"{""Draw"": {""bookmaker"": ""Betfair"", ""odds"": 4.8, ""stake_pct"": 20.95, ""stake_amount"": 209.5}, ""Bologna"": {""bookmaker"": ""Betfair"", ""odds"": 7.8, ""stake_pct"": 12.89, ""stake_amount"": 128.92}, ""Juventus"": {""bookmaker"": ""1xBet"", ""odds"": 1.52, ""stake_pct"": 66.16, ""stake_amount"": 661.58}}"
2026-04-15 21:45 UTC,ARBITRAGE,soccer,Bayern Munich vs VfB Stuttgart,Bundesliga - Germany,h2h,0.556,SURE,5.56,"{""VfB Stuttgart"": {""bookmaker"": ""Casumo"", ""odds"": 7.5, ""stake_pct"": 13.41, ""stake_amount"": 134.08}, ""Bayern Munich"": {""bookmaker"": ""1xBet"", ""odds"": 1.44, ""stake_pct"": 69.83, ""stake_amount"": 698.32}, ""Draw"": {""bookmaker"": ""Betfair"", ""odds"": 6.0, ""stake_pct"": 16.76, ""stake_amount"": 167.6}}"
2026-04-15 21:45 UTC,ARBITRAGE,soccer,Lecce vs Fiorentina,Serie A - Italy,h2h,0.553,SURE,5.53,"{""Draw"": {""bookmaker"": ""1xBet"", ""odds"": 3.5, ""stake_pct"": 28.73, ""stake_amount"": 287.3}, ""Fiorentina"": {""bookmaker"": ""Betfair"", ""odds"": 2.3, ""stake_pct"": 43.72, ""stake_amount"": 437.2}, ""Lecce"": {""bookmaker"": ""Unibet (SE)"", ""odds"": 3.65, ""stake_pct"": 27.55, ""stake_amount"": 275.5}}"
2026-04-15 21:45 UTC,ARBITRAGE,soccer,SC Freiburg vs 1. FC Heidenheim,Bundesliga - Germany,h2h,0.53,SURE,5.3,"{""Draw"": {""bookmaker"": ""BetOnline.ag"", ""odds"": 4.45, ""stake_pct"": 22.59, ""stake_amount"": 225.92}, ""1. FC Heidenheim"": {""bookmaker"": ""Unibet (SE)"", ""odds"": 5.4, ""stake_pct"": 18.62, ""stake_amount"": 186.17}, ""SC Freiburg"": {""bookmaker"": ""Betfair"", ""odds"": 1.71, ""stake_pct"": 58.79, ""stake_amount"": 587.91}}"
2026-04-15 21:45 UTC,ARBITRAGE,soccer,Elche CF vs Atlético Madrid,La Liga - Spain,h2h,0.509,SURE,5.09,"{""Atlético Madrid"": {""bookmaker"": ""Betfair"", ""odds"": 2.64, ""stake_pct"": 38.07, ""stake_amount"": 380.73}, ""Elche CF"": {""bookmaker"": ""Nordic Bet"", ""odds"": 2.78, ""stake_pct"": 36.16, ""stake_amount"": 361.55}, ""Draw"": {""bookmaker"": ""1xBet"", ""odds"": 3.9, ""stake_pct"": 25.77, ""stake_amount"": 257.72}}"
2026-04-15 21:45 UTC,VALUE_BET,soccer,Fiorentina vs Sassuolo,Serie A - Italy,h2h,16.11,ALTA,10.89,Sassuolo@4.7 (BetOnline.ag)
2026-04-15 21:45 UTC,VALUE_BET,hockey,Ottawa Senators vs Toronto Maple Leafs,NHL,h2h,14.83,ALTA,13.73,Toronto Maple Leafs@3.7 (LeoVegas (SE))
2026-04-15 21:45 UTC,VALUE_BET,hockey,Ottawa Senators vs Toronto Maple Leafs,NHL,h2h,14.83,ALTA,13.73,Toronto Maple Leafs@3.7 (Unibet (SE))
2026-04-15 21:45 UTC,VALUE_BET,hockey,Buffalo Sabres vs Dallas Stars,NHL,h2h,14.5,ALTA,17.68,Buffalo Sabres@3.05 (LeoVegas (SE))
2026-04-15 21:45 UTC,VALUE_BET,hockey,Buffalo Sabres vs Dallas Stars,NHL,h2h,14.5,ALTA,17.68,Buffalo Sabres@3.05 (Unibet (SE))
2026-04-15 21:45 UTC,VALUE_BET,basketball,Žalgiris vs Paris Basketball,Basketball Euroleague,h2h,13.53,ALTA,10.25,Paris Basketball@4.3 (Betsson)
2026-04-15 21:45 UTC,VALUE_BET,basketball,Žalgiris vs Paris Basketball,Basketball Euroleague,h2h,13.53,ALTA,10.25,Paris Basketball@4.3 (Nordic Bet)
2026-04-15 21:45 UTC,VALUE_BET,hockey,Florida Panthers vs Detroit Red Wings,NHL,totals,13.43,ALTA,23.48,Over 6.5@2.43 (Coolbet)
2026-04-15 21:45 UTC,VALUE_BET,hockey,Florida Panthers vs Detroit Red Wings,NHL,h2h,13.06,ALTA,15.4,Florida Panthers@3.12 (1xBet)
2026-04-15 21:45 UTC,VALUE_BET,hockey,Buffalo Sabres vs Dallas Stars,NHL,h2h,12.62,ALTA,15.77,Buffalo Sabres@3.0 (Unibet (NL))
2026-04-15 21:45 UTC,VALUE_BET,hockey,Buffalo Sabres vs Dallas Stars,NHL,h2h,12.62,ALTA,15.77,Buffalo Sabres@3.0 (Grosvenor)
2026-04-15 21:45 UTC,VALUE_BET,hockey,Buffalo Sabres vs Dallas Stars,NHL,h2h,12.62,ALTA,15.77,Buffalo Sabres@3.0 (Casumo)
2026-04-15 21:45 UTC,VALUE_BET,hockey,Florida Panthers vs Detroit Red Wings,NHL,h2h,12.34,ALTA,14.69,Florida Panthers@3.1 (LeoVegas (SE))
2026-04-15 21:45 UTC,VALUE_BET,hockey,Florida Panthers vs Detroit Red Wings,NHL,h2h,12.34,ALTA,14.69,Florida Panthers@3.1 (Unibet (SE))
2026-04-15 21:45 UTC,VALUE_BET,soccer,Fiorentina vs Sassuolo,Serie A - Italy,h2h,12.16,ALTA,8.59,Sassuolo@4.54 (1xBet)
2026-04-16 11:07 UTC,ARBITRAGE,soccer,VfB Stuttgart vs Werder Bremen,Bundesliga - Germany,h2h,1.418,SURE,14.18,"{""VfB Stuttgart"": {""bookmaker"": ""1xBet"", ""odds"": 1.64, ""stake_pct"": 61.85, ""stake_amount"": 618.52}, ""Draw"": {""bookmaker"": ""Unibet (NL)"", ""odds"": 4.5, ""stake_pct"": 22.54, ""stake_amount"": 225.42}, ""Werder Bremen"": {""bookmaker"": ""BetOnline.ag"", ""odds"": 6.5, ""stake_pct"": 15.61, ""stake_amount"": 156.06}}"
2026-04-16 11:07 UTC,ARBITRAGE,soccer,Barcelona vs Celta Vigo,La Liga - Spain,h2h,1.385,SURE,13.85,"{""Celta Vigo"": {""bookmaker"": ""Unibet (SE)"", ""odds"": 10.5, ""stake_pct"": 9.66, ""stake_amount"": 96.58}, ""Barcelona"": {""bookmaker"": ""1xBet"", ""odds"": 1.32, ""stake_pct"": 76.82, ""stake_amount"": 768.22}, ""Draw"": {""bookmaker"": ""BetOnline.ag"", ""odds"": 7.5, ""stake_pct"": 13.52, ""stake_amount"": 135.21}}"
2026-04-16 11:07 UTC,ARBITRAGE,soccer,Leeds United vs Wolverhampton Wanderers,EPL,h2h,1.222,SURE,12.22,"{""Wolverhampton Wanderers"": {""bookmaker"": ""Coolbet"", ""odds"": 6.22, ""stake_pct"": 16.28, ""stake_amount"": 162.76}, ""Leeds United"": {""bookmaker"": ""1xBet"", ""odds"": 1.69, ""stake_pct"": 59.9, ""stake_amount"": 599.04}, ""Draw"": {""bookmaker"": ""BetOnline.ag"", ""odds"": 4.25, ""stake_pct"": 23.82, ""stake_amount"": 238.2}}"
2026-04-16 11:07 UTC,ARBITRAGE,soccer,Crystal Palace vs West Ham United,EPL,h2h,1.065,SURE,10.65,"{""Draw"": {""bookmaker"": ""Betfair"", ""odds"": 3.45, ""stake_pct"": 29.3, ""stake_amount"": 292.97}, ""West Ham United"": {""bookmaker"": ""1xBet"", ""odds"": 3.58, ""stake_pct"": 28.23, ""stake_amount"": 282.34}, ""Crystal Palace"": {""bookmaker"": ""Nordic Bet"", ""odds"": 2.38, ""stake_pct"": 42.47, ""stake_amount"": 424.69}}"
2026-04-16 11:07 UTC,ARBITRAGE,soccer,Manchester United vs Brentford,EPL,h2h,1.058,SURE,10.58,"{""Manchester United"": {""bookmaker"": ""Betfair"", ""odds"": 1.89, ""stake_pct"": 53.48, ""stake_amount"": 534.76}, ""Draw"": {""bookmaker"": ""Unibet (SE)"", ""odds"": 4.2, ""stake_pct"": 24.06, ""stake_amount"": 240.64}, ""Brentford"": {""bookmaker"": ""Unibet (SE)"", ""odds"": 4.5, ""stake_pct"": 22.46, ""stake_amount"": 224.6}}"
2026-04-16 11:07 UTC,ARBITRAGE,soccer,Celta Vigo vs SC Freiburg,UEFA Europa League,h2h,1.032,SURE,10.32,"{""Celta Vigo"": {""bookmaker"": ""Matchbook"", ""odds"": 1.96, ""stake_pct"": 51.55, ""stake_amount"": 515.53}, ""Draw"": {""bookmaker"": ""Betsson"", ""odds"": 4.05, ""stake_pct"": 24.95, ""stake_amount"": 249.49}, ""SC Freiburg"": {""bookmaker"": ""Smarkets"", ""odds"": 4.3, ""stake_pct"": 23.5, ""stake_amount"": 234.98}}"
2026-04-16 11:07 UTC,ARBITRAGE,soccer,Hellas Verona vs AC Milan,Serie A - Italy,h2h,0.954,SURE,9.54,"{""Hellas Verona"": {""bookmaker"": ""Betfair"", ""odds"": 7.0, ""stake_pct"": 14.42, ""stake_amount"": 144.23}, ""AC Milan"": {""bookmaker"": ""GTbets"", ""odds"": 1.65, ""stake_pct"": 61.19, ""stake_amount"": 611.9}, ""Draw"": {""bookmaker"": ""1xBet"", ""odds"": 4.14, ""stake_pct"": 24.39, ""stake_amount"": 243.87}}"
2026-04-16 11:07 UTC,ARBITRAGE,soccer,Levante vs Sevilla,La Liga - Spain,h2h,0.906,SURE,9.06,"{""Sevilla"": {""bookmaker"": ""Betfair"", ""odds"": 3.05, ""stake_pct"": 33.09, ""stake_amount"": 330.87}, ""Levante"": {""bookmaker"": ""1xBet"", ""odds"": 2.65, ""stake_pct"": 38.08, ""stake_amount"": 380.81}, ""Draw"": {""bookmaker"": ""1xBet"", ""odds"": 3.5, ""stake_pct"": 28.83, ""stake_amount"": 288.33}}"
2026-04-16 11:07 UTC,ARBITRAGE,soccer,Napoli vs Lazio,Serie A - Italy,h2h,0.88,SURE,8.8,"{""Draw"": {""bookmaker"": ""Tipico"", ""odds"": 4.0, ""stake_pct"": 25.22, ""stake_amount"": 252.22}, ""Lazio"": {""bookmaker"": ""Betfair"", ""odds"": 7.4, ""stake_pct"": 13.63, ""stake_amount"": 136.34}, ""Napoli"": {""bookmaker"": ""GTbets"", ""odds"": 1.65, ""stake_pct"": 61.14, ""stake_amount"": 611.44}}"
2026-04-16 11:07 UTC,ARBITRAGE,soccer,SC Freiburg vs 1. FC Heidenheim,Bundesliga - Germany,h2h,0.87,SURE,8.7,"{""Draw"": {""bookmaker"": ""BetOnline.ag"", ""odds"": 4.45, ""stake_pct"": 22.67, ""stake_amount"": 226.69}, ""1. FC Heidenheim"": {""bookmaker"": ""Unibet (SE)"", ""odds"": 5.4, ""stake_pct"": 18.68, ""stake_amount"": 186.81}, ""SC Freiburg"": {""bookmaker"": ""Smarkets"", ""odds"": 1.72, ""stake_pct"": 58.65, ""stake_amount"": 586.5}}"
2026-04-16 11:07 UTC,ARBITRAGE,soccer,FSV Mainz 05 vs Bayern Munich,Bundesliga - Germany,h2h,0.834,SURE,8.34,"{""Draw"": {""bookmaker"": ""BetOnline.ag"", ""odds"": 5.5, ""stake_pct"": 18.33, ""stake_amount"": 183.35}, ""FSV Mainz 05"": {""bookmaker"": ""Unibet (SE)"", ""odds"": 6.4, ""stake_pct"": 15.76, ""stake_amount"": 157.56}, ""Bayern Munich"": {""bookmaker"": ""1xBet"", ""odds"": 1.53, ""stake_pct"": 65.91, ""stake_amount"": 659.09}}"
2026-04-16 11:07 UTC,ARBITRAGE,soccer,Paris Saint Germain vs Bayern Munich,UEFA Champions League,h2h,0.792,SURE,7.92,"{""Paris Saint Germain"": {""bookmaker"": ""1xBet"", ""odds"": 2.43, ""stake_pct"": 41.48, ""stake_amount"": 414.81}, ""Draw"": {""bookmaker"": ""Coolbet"", ""odds"": 4.2, ""stake_pct"": 24.0, ""stake_amount"": 240.0}, ""Bayern Munich"": {""bookmaker"": ""Betfair"", ""odds"": 2.92, ""stake_pct"": 34.52, ""stake_amount"": 345.2}}"
2026-04-16 11:07 UTC,ARBITRAGE,soccer,Fiorentina vs Sassuolo,Serie A - Italy,h2h,0.647,SURE,6.47,"{""Sassuolo"": {""bookmaker"": ""BetOnline.ag"", ""odds"": 4.7, ""stake_pct"": 21.42, ""stake_amount"": 214.15}, ""Draw"": {""bookmaker"": ""Unibet (SE)"", ""odds"": 3.5, ""stake_pct"": 28.76, ""stake_amount"": 287.57}, ""Fiorentina"": {""bookmaker"": ""Nordic Bet"", ""odds"": 2.02, ""stake_pct"": 49.83, ""stake_amount"": 498.27}}"
2026-04-16 11:07 UTC,ARBITRAGE,soccer,Metz vs Paris FC,Ligue 1 - France,h2h,0.644,SURE,6.44,"{""Metz"": {""bookmaker"": ""Unibet (SE)"", ""odds"": 3.7, ""stake_pct"": 27.2, ""stake_amount"": 272.02}, ""Draw"": {""bookmaker"": ""Coolbet"", ""odds"": 3.75, ""stake_pct"": 26.84, ""stake_amount"": 268.4}, ""Paris FC"": {""bookmaker"": ""GTbets"", ""odds"": 2.19, ""stake_pct"": 45.96, ""stake_amount"": 459.58}}"
2026-04-16 11:07 UTC,ARBITRAGE,soccer,Chelsea vs Manchester United,EPL,h2h,0.619,SURE,6.19,"{""Manchester United"": {""bookmaker"": ""Smarkets"", ""odds"": 3.3, ""stake_pct"": 30.49, ""stake_amount"": 304.92}, ""Draw"": {""bookmaker"": ""Betfair"", ""odds"": 3.85, ""stake_pct"": 26.14, ""stake_amount"": 261.36}, ""Chelsea"": {""bookmaker"": ""GTbets"", ""odds"": 2.32, ""stake_pct"": 43.37, ""stake_amount"": 433.72}}"
2026-04-16 11:07 UTC,ARBITRAGE,soccer,Lecce vs Fiorentina,Serie A - Italy,h2h,0.553,SURE,5.53,"{""Draw"": {""bookmaker"": ""1xBet"", ""odds"": 3.5, ""stake_pct"": 28.73, ""stake_amount"": 287.3}, ""Lecce"": {""bookmaker"": ""Unibet (SE)"", ""odds"": 3.65, ""stake_pct"": 27.55, ""stake_amount"": 275.5}, ""Fiorentina"": {""bookmaker"": ""Betfair"", ""odds"": 2.3, ""stake_pct"": 43.72, ""stake_amount"": 437.2}}"
2026-04-16 11:07 UTC,VALUE_BET,basketball,Žalgiris vs Paris Basketball,Basketball Euroleague,h2h,18.05,ALTA,13.68,Paris Basketball@4.3 (Betsson)
2026-04-16 11:07 UTC,VALUE_BET,basketball,Žalgiris vs Paris Basketball,Basketball Euroleague,h2h,18.05,ALTA,13.68,Paris Basketball@4.3 (Nordic Bet)
2026-04-16 11:07 UTC,VALUE_BET,soccer,Fiorentina vs Sassuolo,Serie A - Italy,h2h,15.69,ALTA,10.6,Sassuolo@4.7 (BetOnline.ag)
2026-04-16 11:07 UTC,VALUE_BET,basketball,Žalgiris vs Paris Basketball,Basketball Euroleague,h2h,15.31,ALTA,11.96,Paris Basketball@4.2 (888sport)
2026-04-16 11:07 UTC,VALUE_BET,basketball,Žalgiris vs Paris Basketball,Basketball Euroleague,h2h,15.31,ALTA,11.96,Paris Basketball@4.2 (William Hill)
2026-04-16 11:07 UTC,VALUE_BET,hockey,Colorado Avalanche vs Seattle Kraken,NHL,h2h,14.47,ALTA,14.64,Seattle Kraken@3.47 (1xBet)
2026-04-16 11:07 UTC,VALUE_BET,hockey,Colorado Avalanche vs Seattle Kraken,NHL,h2h,13.81,ALTA,14.09,Seattle Kraken@3.45 (Coolbet)
2026-04-16 11:07 UTC,VALUE_BET,hockey,Colorado Avalanche vs Seattle Kraken,NHL,h2h,13.81,ALTA,14.09,Seattle Kraken@3.45 (LeoVegas (SE))
2026-04-16 11:07 UTC,VALUE_BET,hockey,Colorado Avalanche vs Seattle Kraken,NHL,h2h,13.81,ALTA,14.09,Seattle Kraken@3.45 (Unibet (SE))
2026-04-16 11:07 UTC,VALUE_BET,hockey,Colorado Avalanche vs Seattle Kraken,NHL,h2h,12.82,ALTA,13.24,Seattle Kraken@3.42 (Marathon Bet)
2026-04-16 11:07 UTC,VALUE_BET,hockey,Colorado Avalanche vs Seattle Kraken,NHL,h2h,12.16,ALTA,12.67,Seattle Kraken@3.4 (Tipico)
2026-04-16 11:07 UTC,VALUE_BET,soccer,Fiorentina vs Sassuolo,Serie A - Italy,h2h,11.76,ALTA,8.3,Sassuolo@4.54 (1xBet)
2026-04-16 11:07 UTC,VALUE_BET,hockey,Nashville Predators vs Anaheim Ducks,NHL,h2h,11.57,ALTA,19.28,Nashville Predators@2.5 (1xBet)
2026-04-16 11:07 UTC,VALUE_BET,soccer,Fiorentina vs Sassuolo,Serie A - Italy,h2h,11.26,ALTA,8.0,Sassuolo@4.52 (Pinnacle)
2026-04-16 11:07 UTC,VALUE_BET,hockey,Nashville Predators vs Anaheim Ducks,NHL,h2h,10.77,ALTA,17.95,Anaheim Ducks@2.5 (LeoVegas (SE))
2026-04-16 19:21 UTC,ARBITRAGE,basketball,ASVEL Lyon Villeurbanne vs Fenerbahce SK,Basketball Euroleague,h2h,7.588,SURE,75.88,"{""Fenerbahce SK"": {""bookmaker"": ""Pinnacle"", ""odds"": 1.23, ""stake_pct"": 87.98, ""stake_amount"": 879.77}, ""ASVEL Lyon Villeurbanne"": {""bookmaker"": ""Winamax (DE)"", ""odds"": 9.0, ""stake_pct"": 12.02, ""stake_amount"": 120.23}}"
2026-04-16 19:21 UTC,ARBITRAGE,basketball,Olympiacos vs Pallacanestro Olimpia Milano,Basketball Euroleague,h2h,6.398,SURE,63.98,"{""Pallacanestro Olimpia Milano"": {""bookmaker"": ""Betway"", ""odds"": 17.0, ""stake_pct"": 6.28, ""stake_amount"": 62.84}, ""Olympiacos"": {""bookmaker"": ""MyBookie.ag"", ""odds"": 1.14, ""stake_pct"": 93.72, ""stake_amount"": 937.16}}"
2026-04-16 19:21 UTC,ARBITRAGE,basketball,Real Madrid vs KK Crvena zvezda,Basketball Euroleague,h2h,3.256,SURE,32.56,"{""KK Crvena zvezda"": {""bookmaker"": ""Unibet (NL)"", ""odds"": 4.9, ""stake_pct"": 21.1, ""stake_amount"": 210.95}, ""Real Madrid"": {""bookmaker"": ""William Hill"", ""odds"": 1.31, ""stake_pct"": 78.9, ""stake_amount"": 789.05}}"
2026-04-16 19:21 UTC,ARBITRAGE,soccer,VfB Stuttgart vs Werder Bremen,Bundesliga - Germany,h2h,2.513,SURE,25.13,"{""VfB Stuttgart"": {""bookmaker"": ""1xBet"", ""odds"": 1.67, ""stake_pct"": 61.42, ""stake_amount"": 614.24}, ""Werder Bremen"": {""bookmaker"": ""BetOnline.ag"", ""odds"": 6.5, ""stake_pct"": 15.78, ""stake_amount"": 157.81}, ""Draw"": {""bookmaker"": ""Unibet (NL)"", ""odds"": 4.5, ""stake_pct"": 22.8, ""stake_amount"": 227.95}}"
2026-04-16 19:21 UTC,ARBITRAGE,soccer,Leeds United vs Wolverhampton Wanderers,EPL,h2h,1.948,SURE,19.48,"{""Leeds United"": {""bookmaker"": ""1xBet"", ""odds"": 1.69, ""stake_pct"": 60.35, ""stake_amount"": 603.47}, ""Wolverhampton Wanderers"": {""bookmaker"": ""Unibet (NL)"", ""odds"": 6.4, ""stake_pct"": 15.94, ""stake_amount"": 159.35}, ""Draw"": {""bookmaker"": ""Unibet (FR)"", ""odds"": 4.3, ""stake_pct"": 23.72, ""stake_amount"": 237.18}}"
2026-04-16 19:21 UTC,ARBITRAGE,soccer,FC St. Pauli vs 1. FC Köln,Bundesliga - Germany,h2h,1.317,SURE,13.17,"{""FC St. Pauli"": {""bookmaker"": ""Betfair"", ""odds"": 2.98, ""stake_pct"": 34.0, ""stake_amount"": 340.05}, ""Draw"": {""bookmaker"": ""Betfair"", ""odds"": 3.4, ""stake_pct"": 29.8, ""stake_amount"": 298.04}, ""1. FC Köln"": {""bookmaker"": ""Coolbet"", ""odds"": 2.8, ""stake_pct"": 36.19, ""stake_amount"": 361.91}}"
2026-04-16 19:21 UTC,ARBITRAGE,basketball,Phoenix Suns vs Golden State Warriors,NBA,h2h,1.213,SURE,12.13,"{""Phoenix Suns"": {""bookmaker"": ""888sport"", ""odds"": 1.73, ""stake_pct"": 58.51, ""stake_amount"": 585.13}, ""Golden State Warriors"": {""bookmaker"": ""Betfair"", ""odds"": 2.44, ""stake_pct"": 41.49, ""stake_amount"": 414.87}}"
2026-04-16 19:21 UTC,ARBITRAGE,basketball,KK Partizan NIS vs Saski Baskonia,Basketball Euroleague,h2h,1.195,SURE,11.95,"{""Saski Baskonia"": {""bookmaker"": ""Pinnacle"", ""odds"": 4.57, ""stake_pct"": 22.15, ""stake_amount"": 221.47}, ""KK Partizan NIS"": {""bookmaker"": ""Betfair"", ""odds"": 1.3, ""stake_pct"": 77.85, ""stake_amount"": 778.53}}"
2026-04-16 19:21 UTC,ARBITRAGE,soccer,Manchester United vs Brentford,EPL,h2h,1.058,SURE,10.58,"{""Manchester United"": {""bookmaker"": ""Betfair"", ""odds"": 1.89, ""stake_pct"": 53.48, ""stake_amount"": 534.76}, ""Draw"": {""bookmaker"": ""Unibet (SE)"", ""odds"": 4.2, ""stake_pct"": 24.06, ""stake_amount"": 240.64}, ""Brentford"": {""bookmaker"": ""Unibet (SE)"", ""odds"": 4.5, ""stake_pct"": 22.46, ""stake_amount"": 224.6}}"
2026-04-16 19:21 UTC,ARBITRAGE,soccer,Bayern Munich vs VfB Stuttgart,Bundesliga - Germany,h2h,1.034,SURE,10.34,"{""Bayern Munich"": {""bookmaker"": ""Betfair"", ""odds"": 1.45, ""stake_pct"": 69.69, ""stake_amount"": 696.86}, ""Draw"": {""bookmaker"": ""Unibet (SE)"", ""odds"": 6.0, ""stake_pct"": 16.84, ""stake_amount"": 168.41}, ""VfB Stuttgart"": {""bookmaker"": ""Unibet (NL)"", ""odds"": 7.5, ""stake_pct"": 13.47, ""stake_amount"": 134.73}}"
2026-04-16 19:21 UTC,ARBITRAGE,soccer,Hellas Verona vs AC Milan,Serie A - Italy,h2h,1.012,SURE,10.12,"{""Hellas Verona"": {""bookmaker"": ""Smarkets"", ""odds"": 7.0, ""stake_pct"": 14.43, ""stake_amount"": 144.32}, ""AC Milan"": {""bookmaker"": ""GTbets"", ""odds"": 1.65, ""stake_pct"": 61.23, ""stake_amount"": 612.26}, ""Draw"": {""bookmaker"": ""Nordic Bet"", ""odds"": 4.15, ""stake_pct"": 24.34, ""stake_amount"": 243.43}}"
2026-04-16 19:21 UTC,ARBITRAGE,basketball,New York Knicks vs Atlanta Hawks,NBA,h2h,0.988,SURE,9.88,"{""New York Knicks"": {""bookmaker"": ""Betfair"", ""odds"": 1.51, ""stake_pct"": 66.89, ""stake_amount"": 668.86}, ""Atlanta Hawks"": {""bookmaker"": ""1xBet"", ""odds"": 3.05, ""stake_pct"": 33.11, ""stake_amount"": 331.14}}"
2026-04-16 19:21 UTC,ARBITRAGE,soccer,Napoli vs Lazio,Serie A - Italy,h2h,0.971,SURE,9.71,"{""Lazio"": {""bookmaker"": ""Betfair"", ""odds"": 7.8, ""stake_pct"": 12.95, ""stake_amount"": 129.46}, ""Napoli"": {""bookmaker"": ""Coolbet"", ""odds"": 1.61, ""stake_pct"": 62.72, ""stake_amount"": 627.21}, ""Draw"": {""bookmaker"": ""Pinnacle"", ""odds"": 4.15, ""stake_pct"": 24.33, ""stake_amount"": 243.33}}"
2026-04-16 19:21 UTC,ARBITRAGE,soccer,SC Freiburg vs 1. FC Heidenheim,Bundesliga - Germany,h2h,0.91,SURE,9.1,"{""1. FC Heidenheim"": {""bookmaker"": ""1xBet"", ""odds"": 5.13, ""stake_pct"": 19.67, ""stake_amount"": 196.72}, ""Draw"": {""bookmaker"": ""BetOnline.ag"", ""odds"": 4.39, ""stake_pct"": 22.99, ""stake_amount"": 229.88}, ""SC Freiburg"": {""bookmaker"": ""Betfair"", ""odds"": 1.76, ""stake_pct"": 57.34, ""stake_amount"": 573.4}}"
2026-04-16 19:21 UTC,ARBITRAGE,soccer,Crystal Palace vs West Ham United,EPL,h2h,0.908,SURE,9.08,"{""Draw"": {""bookmaker"": ""Betfair"", ""odds"": 3.45, ""stake_pct"": 29.25, ""stake_amount"": 292.51}, ""Crystal Palace"": {""bookmaker"": ""Nordic Bet"", ""odds"": 2.38, ""stake_pct"": 42.4, ""stake_amount"": 424.02}, ""West Ham United"": {""bookmaker"": ""1xBet"", ""odds"": 3.56, ""stake_pct"": 28.35, ""stake_amount"": 283.47}}"
2026-04-16 19:21 UTC,ARBITRAGE,soccer,FSV Mainz 05 vs Bayern Munich,Bundesliga - Germany,h2h,0.834,SURE,8.34,"{""Bayern Munich"": {""bookmaker"": ""1xBet"", ""odds"": 1.53, ""stake_pct"": 65.91, ""stake_amount"": 659.09}, ""FSV Mainz 05"": {""bookmaker"": ""Unibet (SE)"", ""odds"": 6.4, ""stake_pct"": 15.76, ""stake_amount"": 157.56}, ""Draw"": {""bookmaker"": ""BetOnline.ag"", ""odds"": 5.5, ""stake_pct"": 18.33, ""stake_amount"": 183.35}}"
2026-04-16 19:21 UTC,ARBITRAGE,soccer,Levante vs Sevilla,La Liga - Spain,h2h,0.774,SURE,7.74,"{""Sevilla"": {""bookmaker"": ""Betfair"", ""odds"": 3.05, ""stake_pct"": 33.04, ""stake_amount"": 330.43}, ""Levante"": {""bookmaker"": ""1xBet"", ""odds"": 2.67, ""stake_pct"": 37.75, ""stake_amount"": 377.45}, ""Draw"": {""bookmaker"": ""1xBet"", ""odds"": 3.45, ""stake_pct"": 29.21, ""stake_amount"": 292.12}}"
2026-04-16 19:21 UTC,ARBITRAGE,hockey,Carolina Hurricanes vs Ottawa Senators,NHL,h2h,0.755,SURE,7.55,"{""Ottawa Senators"": {""bookmaker"": ""Nordic Bet"", ""odds"": 3.4, ""stake_pct"": 29.64, ""stake_amount"": 296.36}, ""Draw"": {""bookmaker"": ""LeoVegas (SE)"", ""odds"": 4.75, ""stake_pct"": 21.21, ""stake_amount"": 212.13}, ""Carolina Hurricanes"": {""bookmaker"": ""LeoVegas (SE)"", ""odds"": 2.05, ""stake_pct"": 49.15, ""stake_amount"": 491.52}}"
2026-04-16 19:21 UTC,ARBITRAGE,soccer,Lorient vs Marseille,Ligue 1 - France,h2h,0.712,SURE,7.12,"{""Lorient"": {""bookmaker"": ""Betfair"", ""odds"": 4.8, ""stake_pct"": 20.98, ""stake_amount"": 209.83}, ""Marseille"": {""bookmaker"": ""GTbets"", ""odds"": 1.83, ""stake_pct"": 55.04, ""stake_amount"": 550.37}, ""Draw"": {""bookmaker"": ""Betfair"", ""odds"": 4.2, ""stake_pct"": 23.98, ""stake_amount"": 239.8}}"
2026-04-16 19:21 UTC,ARBITRAGE,soccer,Eintracht Frankfurt vs RB Leipzig,Bundesliga - Germany,h2h,0.657,SURE,6.57,"{""RB Leipzig"": {""bookmaker"": ""GTbets"", ""odds"": 2.07, ""stake_pct"": 48.63, ""stake_amount"": 486.29}, ""Draw"": {""bookmaker"": ""Coolbet"", ""odds"": 4.3, ""stake_pct"": 23.41, ""stake_amount"": 234.1}, ""Eintracht Frankfurt"": {""bookmaker"": ""Betfair"", ""odds"": 3.6, ""stake_pct"": 27.96, ""stake_amount"": 279.62}}"
2026-04-16 19:21 UTC,ARBITRAGE,soccer,Fiorentina vs Sassuolo,Serie A - Italy,h2h,0.647,SURE,6.47,"{""Fiorentina"": {""bookmaker"": ""Nordic Bet"", ""odds"": 2.02, ""stake_pct"": 49.83, ""stake_amount"": 498.27}, ""Draw"": {""bookmaker"": ""Winamax (DE)"", ""odds"": 3.5, ""stake_pct"": 28.76, ""stake_amount"": 287.57}, ""Sassuolo"": {""bookmaker"": ""BetOnline.ag"", ""odds"": 4.7, ""stake_pct"": 21.42, ""stake_amount"": 214.15}}"
2026-04-16 19:21 UTC,ARBITRAGE,soccer,Metz vs Paris FC,Ligue 1 - France,h2h,0.644,SURE,6.44,"{""Draw"": {""bookmaker"": ""Coolbet"", ""odds"": 3.75, ""stake_pct"": 26.84, ""stake_amount"": 268.4}, ""Paris FC"": {""bookmaker"": ""GTbets"", ""odds"": 2.19, ""stake_pct"": 45.96, ""stake_amount"": 459.58}, ""Metz"": {""bookmaker"": ""Unibet (SE)"", ""odds"": 3.7, ""stake_pct"": 27.2, ""stake_amount"": 272.02}}"
2026-04-16 19:21 UTC,ARBITRAGE,soccer,Juventus vs Bologna,Serie A - Italy,h2h,0.63,SURE,6.3,"{""Juventus"": {""bookmaker"": ""1xBet"", ""odds"": 1.54, ""stake_pct"": 65.35, ""stake_amount"": 653.47}, ""Draw"": {""bookmaker"": ""Unibet (NL)"", ""odds"": 4.7, ""stake_pct"": 21.41, ""stake_amount"": 214.12}, ""Bologna"": {""bookmaker"": ""Matchbook"", ""odds"": 7.6, ""stake_pct"": 13.24, ""stake_amount"": 132.41}}"
2026-04-16 19:21 UTC,ARBITRAGE,soccer,West Ham United vs Everton,EPL,h2h,0.627,SURE,6.27,"{""Everton"": {""bookmaker"": ""Unibet (NL)"", ""odds"": 2.85, ""stake_pct"": 35.31, ""stake_amount"": 353.09}, ""Draw"": {""bookmaker"": ""Sky Bet"", ""odds"": 3.5, ""stake_pct"": 28.75, ""stake_amount"": 287.52}, ""West Ham United"": {""bookmaker"": ""Betfair"", ""odds"": 2.8, ""stake_pct"": 35.94, ""stake_amount"": 359.39}}"
2026-04-16 19:21 UTC,ARBITRAGE,soccer,Chelsea vs Manchester United,EPL,h2h,0.619,SURE,6.19,"{""Draw"": {""bookmaker"": ""Betfair"", ""odds"": 3.85, ""stake_pct"": 26.14, ""stake_amount"": 261.36}, ""Chelsea"": {""bookmaker"": ""GTbets"", ""odds"": 2.32, ""stake_pct"": 43.37, ""stake_amount"": 433.72}, ""Manchester United"": {""bookmaker"": ""Betfair"", ""odds"": 3.3, ""stake_pct"": 30.49, ""stake_amount"": 304.92}}"
2026-04-16 19:21 UTC,ARBITRAGE,soccer,Everton vs Liverpool,EPL,h2h,0.593,SURE,5.93,"{""Everton"": {""bookmaker"": ""Coolbet"", ""odds"": 3.4, ""stake_pct"": 29.59, ""stake_amount"": 295.87}, ""Liverpool"": {""bookmaker"": ""Betfair"", ""odds"": 2.4, ""stake_pct"": 41.92, ""stake_amount"": 419.15}, ""Draw"": {""bookmaker"": ""GTbets"", ""odds"": 3.53, ""stake_pct"": 28.5, ""stake_amount"": 284.98}}"
2026-04-16 19:21 UTC,ARBITRAGE,soccer,Sassuolo vs Como,Serie A - Italy,h2h,0.53,SURE,5.3,"{""Como"": {""bookmaker"": ""Unibet (NL)"", ""odds"": 1.72, ""stake_pct"": 58.45, ""stake_amount"": 584.5}, ""Draw"": {""bookmaker"": ""1xBet"", ""odds"": 4.32, ""stake_pct"": 23.27, ""stake_amount"": 232.72}, ""Sassuolo"": {""bookmaker"": ""Betfair"", ""odds"": 5.5, ""stake_pct"": 18.28, ""stake_amount"": 182.79}}"
2026-04-16 19:21 UTC,VALUE_BET,soccer,Fiorentina vs Sassuolo,Serie A - Italy,h2h,16.05,ALTA,10.84,Sassuolo@4.7 (BetOnline.ag)
2026-04-16 19:21 UTC,VALUE_BET,soccer,Nottingham Forest vs Porto,UEFA Europa League,h2h,15.5,ALTA,50.0,Nottingham Forest@1.37 (Betclic (FR))
2026-04-16 19:21 UTC,VALUE_BET,hockey,Carolina Hurricanes vs Ottawa Senators,NHL,h2h,15.34,ALTA,15.98,Ottawa Senators@3.4 (Nordic Bet)
2026-04-16 19:21 UTC,VALUE_BET,hockey,Carolina Hurricanes vs Ottawa Senators,NHL,h2h,15.34,ALTA,15.98,Ottawa Senators@3.4 (Betsson)
2026-04-16 19:21 UTC,VALUE_BET,hockey,Utah Mammoth vs St Louis Blues,NHL,h2h,14.18,ALTA,19.69,Utah Mammoth@2.8 (1xBet)
2026-04-16 19:21 UTC,VALUE_BET,basketball,Maccabi Tel Aviv vs Virtus Segafredo Bologna,Basketball Euroleague,h2h,12.54,ALTA,48.22,Virtus Segafredo Bologna@1.65 (MyBookie.ag)
2026-04-16 19:21 UTC,VALUE_BET,hockey,Utah Mammoth vs St Louis Blues,NHL,h2h,12.54,ALTA,17.82,Utah Mammoth@2.76 (Marathon Bet)
2026-04-16 19:21 UTC,VALUE_BET,soccer,Fiorentina vs Sassuolo,Serie A - Italy,h2h,12.1,ALTA,8.54,Sassuolo@4.54 (1xBet)
2026-04-16 19:21 UTC,VALUE_BET,hockey,Carolina Hurricanes vs Ottawa Senators,NHL,h2h,11.61,ALTA,12.67,Ottawa Senators@3.29 (1xBet)
2026-04-16 19:21 UTC,VALUE_BET,soccer,Fiorentina vs Sassuolo,Serie A - Italy,h2h,11.6,ALTA,8.24,Sassuolo@4.52 (Pinnacle)
2026-04-16 19:21 UTC,VALUE_BET,hockey,Nashville Predators vs Anaheim Ducks,NHL,h2h,11.57,ALTA,16.92,Nashville Predators@2.71 (1xBet)
2026-04-16 19:21 UTC,VALUE_BET,basketball,Maccabi Tel Aviv vs Virtus Segafredo Bologna,Basketball Euroleague,h2h,11.28,ALTA,11.28,Maccabi Tel Aviv@3.5 (Paddy Power)
2026-04-16 19:21 UTC,VALUE_BET,basketball,Maccabi Tel Aviv vs Virtus Segafredo Bologna,Basketball Euroleague,h2h,11.28,ALTA,11.28,Maccabi Tel Aviv@3.5 (Winamax (DE))
2026-04-16 19:21 UTC,VALUE_BET,basketball,Maccabi Tel Aviv vs Virtus Segafredo Bologna,Basketball Euroleague,h2h,11.28,ALTA,11.28,Maccabi Tel Aviv@3.5 (Nordic Bet)
2026-04-16 19:21 UTC,VALUE_BET,hockey,Utah Mammoth vs St Louis Blues,NHL,h2h,11.28,ALTA,21.36,St Louis Blues@2.32 (LeoVegas (SE))
2026-04-17 11:00 UTC,ARBITRAGE,soccer,Getafe vs Barcelona,La Liga - Spain,h2h,4.723,SURE,47.23,"{""Getafe"": {""bookmaker"": ""1xBet"", ""odds"": 6.55, ""stake_pct"": 16.02, ""stake_amount"": 160.24}, ""Barcelona"": {""bookmaker"": ""BetOnline.ag"", ""odds"": 1.7, ""stake_pct"": 61.74, ""stake_amount"": 617.39}, ""Draw"": {""bookmaker"": ""1xBet"", ""odds"": 4.72, ""stake_pct"": 22.24, ""stake_amount"": 222.37}}"
2026-04-17 11:00 UTC,ARBITRAGE,soccer,VfB Stuttgart vs Werder Bremen,Bundesliga - Germany,h2h,2.513,SURE,25.13,"{""VfB Stuttgart"": {""bookmaker"": ""1xBet"", ""odds"": 1.67, ""stake_pct"": 61.42, ""stake_amount"": 614.24}, ""Draw"": {""bookmaker"": ""Unibet (NL)"", ""odds"": 4.5, ""stake_pct"": 22.8, ""stake_amount"": 227.95}, ""Werder Bremen"": {""bookmaker"": ""BetOnline.ag"", ""odds"": 6.5, ""stake_pct"": 15.78, ""stake_amount"": 157.81}}"
2026-04-17 11:00 UTC,ARBITRAGE,hockey,Edmonton Oilers vs Anaheim Ducks,NHL,totals,2.315,SURE,23.15,"{""Under 6.5"": {""bookmaker"": ""BetOnline.ag"", ""odds"": 1.93, ""stake_pct"": 53.04, ""stake_amount"": 530.41}, ""Over 6.5"": {""bookmaker"": ""1xBet"", ""odds"": 2.18, ""stake_pct"": 46.96, ""stake_amount"": 469.59}}"
2026-04-17 11:00 UTC,ARBITRAGE,soccer,Rayo Vallecano vs Espanyol,La Liga - Spain,h2h,1.673,SURE,16.73,"{""Espanyol"": {""bookmaker"": ""Unibet (SE)"", ""odds"": 4.35, ""stake_pct"": 23.38, ""stake_amount"": 233.8}, ""Draw"": {""bookmaker"": ""Unibet (SE)"", ""odds"": 3.55, ""stake_pct"": 28.65, ""stake_amount"": 286.48}, ""Rayo Vallecano"": {""bookmaker"": ""1xBet"", ""odds"": 2.12, ""stake_pct"": 47.97, ""stake_amount"": 479.72}}"
2026-04-17 11:00 UTC,ARBITRAGE,soccer,Manchester United vs Brentford,EPL,h2h,1.612,SURE,16.12,"{""Manchester United"": {""bookmaker"": ""Betfair"", ""odds"": 1.91, ""stake_pct"": 53.21, ""stake_amount"": 532.14}, ""Draw"": {""bookmaker"": ""Unibet (SE)"", ""odds"": 4.2, ""stake_pct"": 24.2, ""stake_amount"": 242.0}, ""Brentford"": {""bookmaker"": ""Unibet (SE)"", ""odds"": 4.5, ""stake_pct"": 22.59, ""stake_amount"": 225.86}}"
2026-04-17 11:00 UTC,ARBITRAGE,soccer,Leeds United vs Wolverhampton Wanderers,EPL,h2h,1.573,SURE,15.73,"{""Wolverhampton Wanderers"": {""bookmaker"": ""Unibet (NL)"", ""odds"": 6.25, ""stake_pct"": 16.26, ""stake_amount"": 162.56}, ""Draw"": {""bookmaker"": ""Betfair"", ""odds"": 4.3, ""stake_pct"": 23.63, ""stake_amount"": 236.27}, ""Leeds United"": {""bookmaker"": ""1xBet"", ""odds"": 1.69, ""stake_pct"": 60.12, ""stake_amount"": 601.17}}"
2026-04-17 11:00 UTC,ARBITRAGE,soccer,Hellas Verona vs AC Milan,Serie A - Italy,h2h,1.35,SURE,13.5,"{""Draw"": {""bookmaker"": ""1xBet"", ""odds"": 4.14, ""stake_pct"": 24.49, ""stake_amount"": 244.85}, ""Hellas Verona"": {""bookmaker"": ""Smarkets"", ""odds"": 7.2, ""stake_pct"": 14.08, ""stake_amount"": 140.79}, ""AC Milan"": {""bookmaker"": ""GTbets"", ""odds"": 1.65, ""stake_pct"": 61.44, ""stake_amount"": 614.36}}"
2026-04-17 11:00 UTC,ARBITRAGE,soccer,Bayer Leverkusen vs Augsburg,Bundesliga - Germany,h2h,1.295,SURE,12.95,"{""Bayer Leverkusen"": {""bookmaker"": ""GTbets"", ""odds"": 1.47, ""stake_pct"": 68.92, ""stake_amount"": 689.2}, ""Augsburg"": {""bookmaker"": ""Betfair"", ""odds"": 7.8, ""stake_pct"": 12.99, ""stake_amount"": 129.89}, ""Draw"": {""bookmaker"": ""Betfair"", ""odds"": 5.6, ""stake_pct"": 18.09, ""stake_amount"": 180.91}}"
2026-04-17 11:00 UTC,ARBITRAGE,soccer,Sassuolo vs Como,Serie A - Italy,h2h,1.072,SURE,10.72,"{""Como"": {""bookmaker"": ""Unibet (NL)"", ""odds"": 1.6, ""stake_pct"": 63.18, ""stake_amount"": 631.77}, ""Sassuolo"": {""bookmaker"": ""Smarkets"", ""odds"": 6.6, ""stake_pct"": 15.32, ""stake_amount"": 153.16}, ""Draw"": {""bookmaker"": ""Winamax (DE)"", ""odds"": 4.7, ""stake_pct"": 21.51, ""stake_amount"": 215.07}}"
2026-04-17 11:00 UTC,ARBITRAGE,soccer,Newcastle United vs Bournemouth,EPL,h2h,1.065,SURE,10.65,"{""Newcastle United"": {""bookmaker"": ""Betfair"", ""odds"": 2.1, ""stake_pct"": 48.13, ""stake_amount"": 481.32}, ""Bournemouth"": {""bookmaker"": ""Unibet (NL)"", ""odds"": 3.8, ""stake_pct"": 26.6, ""stake_amount"": 265.99}, ""Draw"": {""bookmaker"": ""Smarkets"", ""odds"": 4.0, ""stake_pct"": 25.27, ""stake_amount"": 252.69}}"
2026-04-17 11:00 UTC,ARBITRAGE,soccer,Juventus vs Bologna,Serie A - Italy,h2h,1.049,SURE,10.49,"{""Juventus"": {""bookmaker"": ""1xBet"", ""odds"": 1.55, ""stake_pct"": 65.2, ""stake_amount"": 652.0}, ""Bologna"": {""bookmaker"": ""Betfair"", ""odds"": 7.6, ""stake_pct"": 13.3, ""stake_amount"": 132.97}, ""Draw"": {""bookmaker"": ""Winamax (DE)"", ""odds"": 4.7, ""stake_pct"": 21.5, ""stake_amount"": 215.02}}"
2026-04-17 11:00 UTC,ARBITRAGE,soccer,Manchester City vs Arsenal,EPL,h2h,0.894,SURE,8.94,"{""Manchester City"": {""bookmaker"": ""1xBet"", ""odds"": 1.9, ""stake_pct"": 53.11, ""stake_amount"": 531.06}, ""Draw"": {""bookmaker"": ""Betfair"", ""odds"": 3.9, ""stake_pct"": 25.87, ""stake_amount"": 258.72}, ""Arsenal"": {""bookmaker"": ""Unibet (NL)"", ""odds"": 4.8, ""stake_pct"": 21.02, ""stake_amount"": 210.21}}"
2026-04-17 11:00 UTC,ARBITRAGE,soccer,Levante vs Sevilla,La Liga - Spain,h2h,0.774,SURE,7.74,"{""Levante"": {""bookmaker"": ""1xBet"", ""odds"": 2.67, ""stake_pct"": 37.75, ""stake_amount"": 377.45}, ""Draw"": {""bookmaker"": ""1xBet"", ""odds"": 3.45, ""stake_pct"": 29.21, ""stake_amount"": 292.12}, ""Sevilla"": {""bookmaker"": ""Betfair"", ""odds"": 3.05, ""stake_pct"": 33.04, ""stake_amount"": 330.43}}"
2026-04-17 11:00 UTC,ARBITRAGE,soccer,RC Lens vs Toulouse,Ligue 1 - France,h2h,0.762,SURE,7.62,"{""RC Lens"": {""bookmaker"": ""GTbets"", ""odds"": 1.55, ""stake_pct"": 65.01, ""stake_amount"": 650.11}, ""Draw"": {""bookmaker"": ""Betfair"", ""odds"": 4.8, ""stake_pct"": 20.99, ""stake_amount"": 209.93}, ""Toulouse"": {""bookmaker"": ""Smarkets"", ""odds"": 7.2, ""stake_pct"": 14.0, ""stake_amount"": 139.95}}"
2026-04-17 11:00 UTC,ARBITRAGE,soccer,Lorient vs Strasbourg,Ligue 1 - France,h2h,0.757,SURE,7.57,"{""Draw"": {""bookmaker"": ""1xBet"", ""odds"": 3.68, ""stake_pct"": 27.38, ""stake_amount"": 273.81}, ""Strasbourg"": {""bookmaker"": ""Betfair"", ""odds"": 2.48, ""stake_pct"": 40.63, ""stake_amount"": 406.3}, ""Lorient"": {""bookmaker"": ""Unibet (NL)"", ""odds"": 3.15, ""stake_pct"": 31.99, ""stake_amount"": 319.88}}"
2026-04-17 11:00 UTC,ARBITRAGE,soccer,Bayern Munich vs VfB Stuttgart,Bundesliga - Germany,h2h,0.752,SURE,7.52,"{""VfB Stuttgart"": {""bookmaker"": ""Unibet (NL)"", ""odds"": 7.5, ""stake_pct"": 13.43, ""stake_amount"": 134.34}, ""Bayern Munich"": {""bookmaker"": ""1xBet"", ""odds"": 1.45, ""stake_pct"": 69.49, ""stake_amount"": 694.88}, ""Draw"": {""bookmaker"": ""Betfair"", ""odds"": 5.9, ""stake_pct"": 17.08, ""stake_amount"": 170.78}}"
2026-04-17 11:00 UTC,ARBITRAGE,soccer,Crystal Palace vs West Ham United,EPL,h2h,0.737,SURE,7.37,"{""West Ham United"": {""bookmaker"": ""Unibet (NL)"", ""odds"": 3.35, ""stake_pct"": 30.07, ""stake_amount"": 300.73}, ""Crystal Palace"": {""bookmaker"": ""1xBet"", ""odds"": 2.5, ""stake_pct"": 40.3, ""stake_amount"": 402.97}, ""Draw"": {""bookmaker"": ""Betfair"", ""odds"": 3.4, ""stake_pct"": 29.63, ""stake_amount"": 296.3}}"
2026-04-17 11:00 UTC,ARBITRAGE,soccer,Inter Milan vs Cagliari,Serie A - Italy,h2h,0.716,SURE,7.16,"{""Draw"": {""bookmaker"": ""Unibet (FR)"", ""odds"": 6.9, ""stake_pct"": 14.6, ""stake_amount"": 145.97}, ""Inter Milan"": {""bookmaker"": ""1xBet"", ""odds"": 1.28, ""stake_pct"": 78.69, ""stake_amount"": 786.88}, ""Cagliari"": {""bookmaker"": ""Betfair"", ""odds"": 15.0, ""stake_pct"": 6.71, ""stake_amount"": 67.15}}"
2026-04-17 11:00 UTC,ARBITRAGE,soccer,Athletic Bilbao vs CA Osasuna,La Liga - Spain,h2h,0.702,SURE,7.02,"{""Athletic Bilbao"": {""bookmaker"": ""1xBet"", ""odds"": 1.9, ""stake_pct"": 53.0, ""stake_amount"": 530.04}, ""Draw"": {""bookmaker"": ""Matchbook"", ""odds"": 3.75, ""stake_pct"": 26.86, ""stake_amount"": 268.55}, ""CA Osasuna"": {""bookmaker"": ""Betfair"", ""odds"": 5.0, ""stake_pct"": 20.14, ""stake_amount"": 201.41}}"
2026-04-17 11:00 UTC,ARBITRAGE,soccer,Fiorentina vs Sassuolo,Serie A - Italy,h2h,0.647,SURE,6.47,"{""Sassuolo"": {""bookmaker"": ""BetOnline.ag"", ""odds"": 4.7, ""stake_pct"": 21.42, ""stake_amount"": 214.15}, ""Draw"": {""bookmaker"": ""Winamax (DE)"", ""odds"": 3.5, ""stake_pct"": 28.76, ""stake_amount"": 287.57}, ""Fiorentina"": {""bookmaker"": ""Nordic Bet"", ""odds"": 2.02, ""stake_pct"": 49.83, ""stake_amount"": 498.27}}"
2026-04-17 11:00 UTC,ARBITRAGE,soccer,Lille vs Nice,Ligue 1 - France,h2h,0.645,SURE,6.45,"{""Lille"": {""bookmaker"": ""Unibet (SE)"", ""odds"": 1.56, ""stake_pct"": 64.52, ""stake_amount"": 645.19}, ""Draw"": {""bookmaker"": ""Smarkets"", ""odds"": 4.6, ""stake_pct"": 21.88, ""stake_amount"": 218.8}, ""Nice"": {""bookmaker"": ""Betfair"", ""odds"": 7.4, ""stake_pct"": 13.6, ""stake_amount"": 136.01}}"
2026-04-17 11:00 UTC,ARBITRAGE,soccer,Hellas Verona vs Lecce,Serie A - Italy,h2h,0.644,SURE,6.44,"{""Lecce"": {""bookmaker"": ""Betfred (UK)"", ""odds"": 3.75, ""stake_pct"": 26.84, ""stake_amount"": 268.4}, ""Hellas Verona"": {""bookmaker"": ""Betfair"", ""odds"": 2.32, ""stake_pct"": 43.38, ""stake_amount"": 433.83}, ""Draw"": {""bookmaker"": ""1xBet"", ""odds"": 3.38, ""stake_pct"": 29.78, ""stake_amount"": 297.78}}"
2026-04-17 11:00 UTC,ARBITRAGE,soccer,Metz vs Paris FC,Ligue 1 - France,h2h,0.644,SURE,6.44,"{""Metz"": {""bookmaker"": ""Unibet (SE)"", ""odds"": 3.7, ""stake_pct"": 27.2, ""stake_amount"": 272.02}, ""Draw"": {""bookmaker"": ""Coolbet"", ""odds"": 3.75, ""stake_pct"": 26.84, ""stake_amount"": 268.4}, ""Paris FC"": {""bookmaker"": ""GTbets"", ""odds"": 2.19, ""stake_pct"": 45.96, ""stake_amount"": 459.58}}"
2026-04-17 11:00 UTC,ARBITRAGE,soccer,Napoli vs Lazio,Serie A - Italy,h2h,0.636,SURE,6.36,"{""Lazio"": {""bookmaker"": ""Smarkets"", ""odds"": 8.2, ""stake_pct"": 12.27, ""stake_amount"": 122.73}, ""Napoli"": {""bookmaker"": ""Unibet (SE)"", ""odds"": 1.57, ""stake_pct"": 64.1, ""stake_amount"": 641.02}, ""Draw"": {""bookmaker"": ""1xBet"", ""odds"": 4.26, ""stake_pct"": 23.62, ""stake_amount"": 236.25}}"
2026-04-17 11:00 UTC,ARBITRAGE,soccer,Pisa vs Genoa,Serie A - Italy,h2h,0.619,SURE,6.19,"{""Pisa"": {""bookmaker"": ""Unibet (NL)"", ""odds"": 3.45, ""stake_pct"": 29.17, ""stake_amount"": 291.66}, ""Genoa"": {""bookmaker"": ""Betfair"", ""odds"": 2.5, ""stake_pct"": 40.25, ""stake_amount"": 402.49}, ""Draw"": {""bookmaker"": ""1xBet"", ""odds"": 3.29, ""stake_pct"": 30.58, ""stake_amount"": 305.85}}"
2026-04-17 11:00 UTC,ARBITRAGE,soccer,Werder Bremen vs Hamburger SV,Bundesliga - Germany,h2h,0.607,SURE,6.07,"{""Draw"": {""bookmaker"": ""Betfair"", ""odds"": 3.8, ""stake_pct"": 26.48, ""stake_amount"": 264.77}, ""Werder Bremen"": {""bookmaker"": ""Unibet (NL)"", ""odds"": 2.08, ""stake_pct"": 48.37, ""stake_amount"": 483.71}, ""Hamburger SV"": {""bookmaker"": ""Betfair"", ""odds"": 4.0, ""stake_pct"": 25.15, ""stake_amount"": 251.53}}"
2026-04-17 11:00 UTC,ARBITRAGE,soccer,FC St. Pauli vs 1. FC Köln,Bundesliga - Germany,totals,0.523,SURE,5.23,"{""Over 2.5"": {""bookmaker"": ""1xBet"", ""odds"": 2.11, ""stake_pct"": 47.64, ""stake_amount"": 476.43}, ""Under 2.5"": {""bookmaker"": ""Matchbook"", ""odds"": 1.92, ""stake_pct"": 52.36, ""stake_amount"": 523.57}}"
2026-04-17 11:00 UTC,ARBITRAGE,soccer,Genoa vs Como,Serie A - Italy,h2h,0.51,SURE,5.1,"{""Como"": {""bookmaker"": ""1xBet"", ""odds"": 1.94, ""stake_pct"": 51.81, ""stake_amount"": 518.11}, ""Genoa"": {""bookmaker"": ""Betfair"", ""odds"": 4.7, ""stake_pct"": 21.39, ""stake_amount"": 213.86}, ""Draw"": {""bookmaker"": ""BetOnline.ag"", ""odds"": 3.75, ""stake_pct"": 26.8, ""stake_amount"": 268.03}}"
2026-04-17 11:00 UTC,VALUE_BET,soccer,Fiorentina vs Sassuolo,Serie A - Italy,h2h,16.05,ALTA,10.84,Sassuolo@4.7 (BetOnline.ag)
2026-04-17 11:00 UTC,VALUE_BET,soccer,Fiorentina vs Sassuolo,Serie A - Italy,h2h,12.1,ALTA,8.54,Sassuolo@4.54 (1xBet)
2026-04-17 11:00 UTC,VALUE_BET,soccer,Fiorentina vs Sassuolo,Serie A - Italy,h2h,11.6,ALTA,8.24,Sassuolo@4.52 (Pinnacle)
2026-04-17 11:00 UTC,VALUE_BET,hockey,Edmonton Oilers vs Anaheim Ducks,NHL,h2h,11.6,ALTA,14.87,Anaheim Ducks@2.95 (Betclic (FR))
2026-04-17 11:00 UTC,VALUE_BET,hockey,Tampa Bay Lightning vs Montréal Canadiens,NHL,h2h,11.25,ALTA,12.67,Montréal Canadiens@3.22 (Betclic (FR))
2026-04-17 11:00 UTC,VALUE_BET,hockey,Buffalo Sabres vs Boston Bruins,NHL,h2h,11.14,ALTA,13.99,Boston Bruins@2.99 (Marathon Bet)
2026-04-17 11:00 UTC,VALUE_BET,soccer,Villarreal vs Celta Vigo,La Liga - Spain,h2h,10.7,ALTA,7.43,Celta Vigo@4.6 (Unibet (SE))
2026-04-17 11:00 UTC,VALUE_BET,soccer,Villarreal vs Celta Vigo,La Liga - Spain,h2h,10.7,ALTA,7.43,Celta Vigo@4.6 (Unibet (NL))
2026-04-17 11:00 UTC,VALUE_BET,soccer,Fiorentina vs Sassuolo,Serie A - Italy,h2h,9.88,ALTA,7.16,Sassuolo@4.45 (Marathon Bet)
2026-04-17 11:00 UTC,VALUE_BET,hockey,Carolina Hurricanes vs Ottawa Senators,NHL,h2h,9.86,ALTA,22.21,Carolina Hurricanes@2.11 (Marathon Bet)
2026-04-17 11:00 UTC,VALUE_BET,hockey,Edmonton Oilers vs Anaheim Ducks,NHL,h2h,9.71,ALTA,12.77,Anaheim Ducks@2.9 (Unibet (FR))
2026-04-17 11:00 UTC,VALUE_BET,hockey,Buffalo Sabres vs Boston Bruins,NHL,h2h,9.65,ALTA,12.38,Boston Bruins@2.95 (LeoVegas)
2026-04-17 11:00 UTC,VALUE_BET,soccer,Villarreal vs Celta Vigo,La Liga - Spain,h2h,9.5,ALTA,6.69,Celta Vigo@4.55 (BetOnline.ag)
2026-04-17 11:00 UTC,VALUE_BET,hockey,Carolina Hurricanes vs Ottawa Senators,NHL,h2h,9.34,ALTA,21.22,Carolina Hurricanes@2.1 (LeoVegas (SE))
2026-04-17 11:00 UTC,VALUE_BET,hockey,Carolina Hurricanes vs Ottawa Senators,NHL,h2h,9.34,ALTA,21.22,Carolina Hurricanes@2.1 (Unibet (SE))
2026-04-17 19:05 UTC,ARBITRAGE,basketball,Dubai Basketball vs Valencia Basket,Basketball Euroleague,h2h,7.368,SURE,73.68,"{""Valencia Basket"": {""bookmaker"": ""888sport"", ""odds"": 2.5, ""stake_pct"": 43.18, ""stake_amount"": 431.82}, ""Dubai Basketball"": {""bookmaker"": ""Matchbook"", ""odds"": 1.9, ""stake_pct"": 56.82, ""stake_amount"": 568.18}}"
2026-04-17 19:05 UTC,ARBITRAGE,soccer,Getafe vs Barcelona,La Liga - Spain,h2h,3.896,SURE,38.96,"{""Getafe"": {""bookmaker"": ""1xBet"", ""odds"": 6.86, ""stake_pct"": 15.17, ""stake_amount"": 151.68}, ""Draw"": {""bookmaker"": ""1xBet"", ""odds"": 4.78, ""stake_pct"": 21.77, ""stake_amount"": 217.69}, ""Barcelona"": {""bookmaker"": ""Unibet (NL)"", ""odds"": 1.65, ""stake_pct"": 63.06, ""stake_amount"": 630.63}}"
2026-04-17 19:05 UTC,ARBITRAGE,soccer,RC Lens vs Toulouse,Ligue 1 - France,h2h,3.539,SURE,35.39,"{""RC Lens"": {""bookmaker"": ""Coolbet"", ""odds"": 2.5, ""stake_pct"": 41.47, ""stake_amount"": 414.67}, ""Toulouse"": {""bookmaker"": ""Betfair"", ""odds"": 2.88, ""stake_pct"": 36.0, ""stake_amount"": 359.96}, ""Draw"": {""bookmaker"": ""Ladbrokes"", ""odds"": 4.6, ""stake_pct"": 22.54, ""stake_amount"": 225.37}}"
2026-04-17 19:05 UTC,ARBITRAGE,soccer,VfB Stuttgart vs Werder Bremen,Bundesliga - Germany,h2h,2.513,SURE,25.13,"{""Werder Bremen"": {""bookmaker"": ""BetOnline.ag"", ""odds"": 6.5, ""stake_pct"": 15.78, ""stake_amount"": 157.81}, ""Draw"": {""bookmaker"": ""Unibet (NL)"", ""odds"": 4.5, ""stake_pct"": 22.8, ""stake_amount"": 227.95}, ""VfB Stuttgart"": {""bookmaker"": ""1xBet"", ""odds"": 1.67, ""stake_pct"": 61.42, ""stake_amount"": 614.24}}"
2026-04-17 19:05 UTC,ARBITRAGE,soccer,Inter Milan vs Cagliari,Serie A - Italy,h2h,2.234,SURE,22.34,"{""Inter Milan"": {""bookmaker"": ""Coolbet"", ""odds"": 1.44, ""stake_pct"": 71.03, ""stake_amount"": 710.31}, ""Draw"": {""bookmaker"": ""Betfair"", ""odds"": 5.2, ""stake_pct"": 19.67, ""stake_amount"": 196.7}, ""Cagliari"": {""bookmaker"": ""Betfair"", ""odds"": 11.0, ""stake_pct"": 9.3, ""stake_amount"": 92.99}}"
2026-04-17 19:05 UTC,ARBITRAGE,soccer,Leeds United vs Wolverhampton Wanderers,EPL,h2h,1.948,SURE,19.48,"{""Wolverhampton Wanderers"": {""bookmaker"": ""Smarkets"", ""odds"": 6.4, ""stake_pct"": 15.94, ""stake_amount"": 159.35}, ""Leeds United"": {""bookmaker"": ""1xBet"", ""odds"": 1.69, ""stake_pct"": 60.35, ""stake_amount"": 603.47}, ""Draw"": {""bookmaker"": ""Betfair"", ""odds"": 4.3, ""stake_pct"": 23.72, ""stake_amount"": 237.18}}"
2026-04-17 19:05 UTC,ARBITRAGE,basketball,FC Barcelona Bàsquet vs FC Bayern München,Basketball Euroleague,h2h,1.754,SURE,17.54,"{""FC Bayern München"": {""bookmaker"": ""LiveScore Bet"", ""odds"": 9.5, ""stake_pct"": 10.71, ""stake_amount"": 107.14}, ""FC Barcelona Bàsquet"": {""bookmaker"": ""William Hill"", ""odds"": 1.14, ""stake_pct"": 89.29, ""stake_amount"": 892.86}}"
2026-04-17 19:05 UTC,ARBITRAGE,soccer,Bayer Leverkusen vs Augsburg,Bundesliga - Germany,h2h,1.616,SURE,16.16,"{""Augsburg"": {""bookmaker"": ""Smarkets"", ""odds"": 8.0, ""stake_pct"": 12.71, ""stake_amount"": 127.05}, ""Draw"": {""bookmaker"": ""Betfair"", ""odds"": 5.6, ""stake_pct"": 18.15, ""stake_amount"": 181.5}, ""Bayer Leverkusen"": {""bookmaker"": ""GTbets"", ""odds"": 1.47, ""stake_pct"": 69.14, ""stake_amount"": 691.44}}"
2026-04-17 19:05 UTC,ARBITRAGE,soccer,Girona vs Real Betis,La Liga - Spain,h2h,1.613,SURE,16.13,"{""Real Betis"": {""bookmaker"": ""Coolbet"", ""odds"": 2.92, ""stake_pct"": 34.81, ""stake_amount"": 348.08}, ""Draw"": {""bookmaker"": ""Unibet (SE)"", ""odds"": 3.55, ""stake_pct"": 28.63, ""stake_amount"": 286.31}, ""Girona"": {""bookmaker"": ""1xBet"", ""odds"": 2.78, ""stake_pct"": 36.56, ""stake_amount"": 365.61}}"
2026-04-17 19:05 UTC,ARBITRAGE,soccer,Aston Villa vs Sunderland,EPL,h2h,1.426,SURE,14.26,"{""Sunderland"": {""bookmaker"": ""Unibet (NL)"", ""odds"": 5.75, ""stake_pct"": 17.64, ""stake_amount"": 176.43}, ""Aston Villa"": {""bookmaker"": ""Betfair"", ""odds"": 1.79, ""stake_pct"": 56.67, ""stake_amount"": 566.74}, ""Draw"": {""bookmaker"": ""Unibet (NL)"", ""odds"": 3.95, ""stake_pct"": 25.68, ""stake_amount"": 256.83}}"
2026-04-17 19:05 UTC,ARBITRAGE,soccer,Hellas Verona vs AC Milan,Serie A - Italy,h2h,1.35,SURE,13.5,"{""Hellas Verona"": {""bookmaker"": ""Smarkets"", ""odds"": 7.2, ""stake_pct"": 14.08, ""stake_amount"": 140.79}, ""AC Milan"": {""bookmaker"": ""GTbets"", ""odds"": 1.65, ""stake_pct"": 61.44, ""stake_amount"": 614.36}, ""Draw"": {""bookmaker"": ""1xBet"", ""odds"": 4.14, ""stake_pct"": 24.49, ""stake_amount"": 244.85}}"
2026-04-17 19:05 UTC,ARBITRAGE,soccer,Rayo Vallecano vs Espanyol,La Liga - Spain,h2h,1.34,SURE,13.4,"{""Espanyol"": {""bookmaker"": ""Coolbet"", ""odds"": 4.0, ""stake_pct"": 25.34, ""stake_amount"": 253.4}, ""Rayo Vallecano"": {""bookmaker"": ""1xBet"", ""odds"": 2.26, ""stake_pct"": 44.85, ""stake_amount"": 448.49}, ""Draw"": {""bookmaker"": ""Betfair"", ""odds"": 3.4, ""stake_pct"": 29.81, ""stake_amount"": 298.11}}"
2026-04-17 19:05 UTC,ARBITRAGE,soccer,Manchester United vs Brentford,EPL,h2h,1.337,SURE,13.37,"{""Manchester United"": {""bookmaker"": ""Betfair"", ""odds"": 1.9, ""stake_pct"": 53.34, ""stake_amount"": 533.45}, ""Brentford"": {""bookmaker"": ""Unibet (SE)"", ""odds"": 4.5, ""stake_pct"": 22.52, ""stake_amount"": 225.23}, ""Draw"": {""bookmaker"": ""Unibet (SE)"", ""odds"": 4.2, ""stake_pct"": 24.13, ""stake_amount"": 241.32}}"
2026-04-17 19:05 UTC,ARBITRAGE,soccer,Pisa vs Genoa,Serie A - Italy,h2h,1.249,SURE,12.49,"{""Pisa"": {""bookmaker"": ""Unibet (NL)"", ""odds"": 3.45, ""stake_pct"": 29.35, ""stake_amount"": 293.52}, ""Draw"": {""bookmaker"": ""1xBet"", ""odds"": 3.29, ""stake_pct"": 30.78, ""stake_amount"": 307.8}, ""Genoa"": {""bookmaker"": ""Betfair"", ""odds"": 2.54, ""stake_pct"": 39.87, ""stake_amount"": 398.68}}"
2026-04-17 19:05 UTC,ARBITRAGE,soccer,Napoli vs Lazio,Serie A - Italy,h2h,1.145,SURE,11.45,"{""Lazio"": {""bookmaker"": ""Smarkets"", ""odds"": 8.4, ""stake_pct"": 12.04, ""stake_amount"": 120.43}, ""Napoli"": {""bookmaker"": ""GTbets"", ""odds"": 1.57, ""stake_pct"": 64.43, ""stake_amount"": 644.32}, ""Draw"": {""bookmaker"": ""Winamax (DE)"", ""odds"": 4.3, ""stake_pct"": 23.53, ""stake_amount"": 235.25}}"
2026-04-17 19:05 UTC,ARBITRAGE,soccer,Atlético Madrid vs Athletic Bilbao,La Liga - Spain,h2h,1.107,SURE,11.07,"{""Athletic Bilbao"": {""bookmaker"": ""1xBet"", ""odds"": 2.99, ""stake_pct"": 33.82, ""stake_amount"": 338.19}, ""Atlético Madrid"": {""bookmaker"": ""Betfair"", ""odds"": 2.56, ""stake_pct"": 39.5, ""stake_amount"": 395.0}, ""Draw"": {""bookmaker"": ""1xBet"", ""odds"": 3.79, ""stake_pct"": 26.68, ""stake_amount"": 266.81}}"
2026-04-17 19:05 UTC,ARBITRAGE,soccer,Fiorentina vs Sassuolo,Serie A - Italy,h2h,1.049,SURE,10.49,"{""Sassuolo"": {""bookmaker"": ""BetOnline.ag"", ""odds"": 4.7, ""stake_pct"": 21.5, ""stake_amount"": 215.02}, ""Draw"": {""bookmaker"": ""Unibet (SE)"", ""odds"": 3.55, ""stake_pct"": 28.47, ""stake_amount"": 284.68}, ""Fiorentina"": {""bookmaker"": ""Nordic Bet"", ""odds"": 2.02, ""stake_pct"": 50.03, ""stake_amount"": 500.3}}"
2026-04-17 19:05 UTC,ARBITRAGE,soccer,TSG Hoffenheim vs Borussia Dortmund,Bundesliga - Germany,h2h,0.979,SURE,9.79,"{""Borussia Dortmund"": {""bookmaker"": ""Betfair"", ""odds"": 2.66, ""stake_pct"": 37.97, ""stake_amount"": 379.66}, ""TSG Hoffenheim"": {""bookmaker"": ""Unibet (SE)"", ""odds"": 2.7, ""stake_pct"": 37.4, ""stake_amount"": 374.03}, ""Draw"": {""bookmaker"": ""Betfair"", ""odds"": 4.1, ""stake_pct"": 24.63, ""stake_amount"": 246.31}}"
2026-04-17 19:05 UTC,ARBITRAGE,soccer,Genoa vs Como,Serie A - Italy,h2h,0.954,SURE,9.54,"{""Genoa"": {""bookmaker"": ""Betfair"", ""odds"": 4.8, ""stake_pct"": 21.03, ""stake_amount"": 210.34}, ""Draw"": {""bookmaker"": ""BetOnline.ag"", ""odds"": 3.75, ""stake_pct"": 26.92, ""stake_amount"": 269.23}, ""Como"": {""bookmaker"": ""1xBet"", ""odds"": 1.94, ""stake_pct"": 52.04, ""stake_amount"": 520.43}}"
2026-04-17 19:05 UTC,ARBITRAGE,soccer,Nottingham Forest vs Burnley,EPL,h2h,0.924,SURE,9.24,"{""Burnley"": {""bookmaker"": ""Betfair"", ""odds"": 7.8, ""stake_pct"": 12.94, ""stake_amount"": 129.4}, ""Nottingham Forest"": {""bookmaker"": ""GTbets"", ""odds"": 1.55, ""stake_pct"": 65.12, ""stake_amount"": 651.18}, ""Draw"": {""bookmaker"": ""Betfair"", ""odds"": 4.6, ""stake_pct"": 21.94, ""stake_amount"": 219.42}}"
2026-04-17 19:05 UTC,ARBITRAGE,soccer,FC St. Pauli vs 1. FC Köln,Bundesliga - Germany,h2h,0.907,SURE,9.07,"{""FC St. Pauli"": {""bookmaker"": ""Betfair"", ""odds"": 3.15, ""stake_pct"": 32.04, ""stake_amount"": 320.37}, ""1. FC Köln"": {""bookmaker"": ""Matchbook"", ""odds"": 3.0, ""stake_pct"": 33.64, ""stake_amount"": 336.38}, ""Draw"": {""bookmaker"": ""Smarkets"", ""odds"": 2.94, ""stake_pct"": 34.32, ""stake_amount"": 343.25}}"
2026-04-17 19:05 UTC,ARBITRAGE,soccer,Udinese vs Parma,Serie A - Italy,h2h,0.75,SURE,7.5,"{""Parma"": {""bookmaker"": ""Betfair"", ""odds"": 4.3, ""stake_pct"": 23.43, ""stake_amount"": 234.32}, ""Draw"": {""bookmaker"": ""Betfair"", ""odds"": 3.15, ""stake_pct"": 31.99, ""stake_amount"": 319.86}, ""Udinese"": {""bookmaker"": ""1xBet"", ""odds"": 2.26, ""stake_pct"": 44.58, ""stake_amount"": 445.82}}"
2026-04-17 19:05 UTC,ARBITRAGE,soccer,Everton vs Liverpool,EPL,h2h,0.694,SURE,6.94,"{""Everton"": {""bookmaker"": ""Coolbet"", ""odds"": 3.4, ""stake_pct"": 29.62, ""stake_amount"": 296.17}, ""Liverpool"": {""bookmaker"": ""Betfair"", ""odds"": 2.42, ""stake_pct"": 41.61, ""stake_amount"": 416.11}, ""Draw"": {""bookmaker"": ""Bet Victor"", ""odds"": 3.5, ""stake_pct"": 28.77, ""stake_amount"": 287.71}}"
2026-04-17 19:05 UTC,ARBITRAGE,soccer,Lorient vs Strasbourg,Ligue 1 - France,h2h,0.683,SURE,6.83,"{""Strasbourg"": {""bookmaker"": ""Betfair"", ""odds"": 2.48, ""stake_pct"": 40.6, ""stake_amount"": 406.0}, ""Lorient"": {""bookmaker"": ""Unibet (NL)"", ""odds"": 3.15, ""stake_pct"": 31.96, ""stake_amount"": 319.64}, ""Draw"": {""bookmaker"": ""1xBet"", ""odds"": 3.67, ""stake_pct"": 27.44, ""stake_amount"": 274.35}}"
2026-04-17 19:05 UTC,ARBITRAGE,soccer,Hellas Verona vs Lecce,Serie A - Italy,h2h,0.644,SURE,6.44,"{""Hellas Verona"": {""bookmaker"": ""Betfair"", ""odds"": 2.32, ""stake_pct"": 43.38, ""stake_amount"": 433.83}, ""Draw"": {""bookmaker"": ""1xBet"", ""odds"": 3.38, ""stake_pct"": 29.78, ""stake_amount"": 297.78}, ""Lecce"": {""bookmaker"": ""Unibet (NL)"", ""odds"": 3.75, ""stake_pct"": 26.84, ""stake_amount"": 268.4}}"
2026-04-17 19:05 UTC,ARBITRAGE,soccer,Juventus vs Bologna,Serie A - Italy,h2h,0.63,SURE,6.3,"{""Bologna"": {""bookmaker"": ""Matchbook"", ""odds"": 7.6, ""stake_pct"": 13.24, ""stake_amount"": 132.41}, ""Draw"": {""bookmaker"": ""Winamax (DE)"", ""odds"": 4.7, ""stake_pct"": 21.41, ""stake_amount"": 214.12}, ""Juventus"": {""bookmaker"": ""1xBet"", ""odds"": 1.54, ""stake_pct"": 65.35, ""stake_amount"": 653.47}}"
2026-04-17 19:05 UTC,ARBITRAGE,soccer,Levante vs Sevilla,La Liga - Spain,h2h,0.625,SURE,6.25,"{""Levante"": {""bookmaker"": ""1xBet"", ""odds"": 2.73, ""stake_pct"": 36.86, ""stake_amount"": 368.6}, ""Draw"": {""bookmaker"": ""Betfair"", ""odds"": 3.4, ""stake_pct"": 29.6, ""stake_amount"": 295.97}, ""Sevilla"": {""bookmaker"": ""BetOnline.ag"", ""odds"": 3.0, ""stake_pct"": 33.54, ""stake_amount"": 335.43}}"
2026-04-17 19:05 UTC,ARBITRAGE,soccer,Newcastle United vs Bournemouth,EPL,h2h,0.609,SURE,6.09,"{""Bournemouth"": {""bookmaker"": ""1xBet"", ""odds"": 3.6, ""stake_pct"": 27.95, ""stake_amount"": 279.48}, ""Newcastle United"": {""bookmaker"": ""Smarkets"", ""odds"": 2.16, ""stake_pct"": 46.58, ""stake_amount"": 465.8}, ""Draw"": {""bookmaker"": ""Betfair"", ""odds"": 3.95, ""stake_pct"": 25.47, ""stake_amount"": 254.72}}"
2026-04-17 19:05 UTC,ARBITRAGE,basketball,Cleveland Cavaliers vs Toronto Raptors,NBA,h2h,0.422,SURE,4.22,"{""Cleveland Cavaliers"": {""bookmaker"": ""1xBet"", ""odds"": 1.33, ""stake_pct"": 75.51, ""stake_amount"": 755.06}, ""Toronto Raptors"": {""bookmaker"": ""Betfair"", ""odds"": 4.1, ""stake_pct"": 24.49, ""stake_amount"": 244.94}}"
2026-04-17 19:05 UTC,VALUE_BET,soccer,Fiorentina vs Sassuolo,Serie A - Italy,h2h,16.45,ALTA,11.12,Sassuolo@4.7 (BetOnline.ag)
2026-04-17 19:05 UTC,VALUE_BET,hockey,Edmonton Oilers vs Anaheim Ducks,NHL,h2h,14.14,ALTA,16.07,Anaheim Ducks@3.2 (Unibet (SE))
2026-04-17 19:05 UTC,VALUE_BET,hockey,Edmonton Oilers vs Anaheim Ducks,NHL,h2h,14.14,ALTA,16.07,Anaheim Ducks@3.2 (LeoVegas (SE))
2026-04-17 19:05 UTC,VALUE_BET,hockey,Edmonton Oilers vs Anaheim Ducks,NHL,h2h,13.78,ALTA,15.73,Anaheim Ducks@3.19 (1xBet)
2026-04-17 19:05 UTC,VALUE_BET,soccer,Fiorentina vs Sassuolo,Serie A - Italy,h2h,12.49,ALTA,8.82,Sassuolo@4.54 (1xBet)
2026-04-17 19:05 UTC,VALUE_BET,hockey,Edmonton Oilers vs Anaheim Ducks,NHL,h2h,12.35,ALTA,14.37,Anaheim Ducks@3.15 (Unibet (NL))
2026-04-17 19:05 UTC,VALUE_BET,hockey,Edmonton Oilers vs Anaheim Ducks,NHL,h2h,12.35,ALTA,14.37,Anaheim Ducks@3.15 (Casumo)
2026-04-17 19:05 UTC,VALUE_BET,hockey,Edmonton Oilers vs Anaheim Ducks,NHL,h2h,12.35,ALTA,14.37,Anaheim Ducks@3.15 (Grosvenor)
2026-04-17 19:05 UTC,VALUE_BET,hockey,Edmonton Oilers vs Anaheim Ducks,NHL,h2h,12.0,ALTA,14.02,Anaheim Ducks@3.14 (Marathon Bet)
2026-04-17 19:05 UTC,VALUE_BET,soccer,Fiorentina vs Sassuolo,Serie A - Italy,h2h,11.99,ALTA,8.52,Sassuolo@4.52 (Pinnacle)
2026-04-17 19:05 UTC,VALUE_BET,soccer,Cagliari vs Atalanta BC,Serie A - Italy,h2h,11.52,ALTA,8.89,Draw@4.24 (1xBet)
2026-04-17 19:05 UTC,VALUE_BET,hockey,Colorado Avalanche vs Los Angeles Kings,NHL,h2h,11.39,ALTA,9.49,Los Angeles Kings@4.0 (Betway)
2026-04-17 19:05 UTC,VALUE_BET,hockey,Colorado Avalanche vs Los Angeles Kings,NHL,h2h,11.39,ALTA,9.49,Los Angeles Kings@4.0 (PMU (FR))
2026-04-17 19:05 UTC,VALUE_BET,soccer,RC Lens vs Toulouse,Ligue 1 - France,h2h,11.14,ALTA,7.74,Draw@4.6 (Ladbrokes)
2026-04-17 19:05 UTC,VALUE_BET,hockey,Buffalo Sabres vs Boston Bruins,NHL,h2h,11.05,ALTA,14.1,Boston Bruins@2.96 (Marathon Bet)
2026-04-18 10:45 UTC,ARBITRAGE,soccer,VfB Stuttgart vs Werder Bremen,Bundesliga - Germany,h2h,2.513,SURE,25.13,"{""Werder Bremen"": {""bookmaker"": ""BetOnline.ag"", ""odds"": 6.5, ""stake_pct"": 15.78, ""stake_amount"": 157.81}, ""VfB Stuttgart"": {""bookmaker"": ""1xBet"", ""odds"": 1.67, ""stake_pct"": 61.42, ""stake_amount"": 614.24}, ""Draw"": {""bookmaker"": ""Unibet (NL)"", ""odds"": 4.5, ""stake_pct"": 22.8, ""stake_amount"": 227.95}}"
2026-04-18 10:45 UTC,ARBITRAGE,soccer,Getafe vs Barcelona,La Liga - Spain,h2h,2.344,SURE,23.44,"{""Barcelona"": {""bookmaker"": ""Unibet (NL)"", ""odds"": 1.65, ""stake_pct"": 62.06, ""stake_amount"": 620.61}, ""Getafe"": {""bookmaker"": ""Betfair"", ""odds"": 6.2, ""stake_pct"": 16.52, ""stake_amount"": 165.16}, ""Draw"": {""bookmaker"": ""1xBet"", ""odds"": 4.78, ""stake_pct"": 21.42, ""stake_amount"": 214.23}}"
2026-04-18 10:45 UTC,ARBITRAGE,soccer,Manchester United vs Brentford,EPL,h2h,1.885,SURE,18.85,"{""Brentford"": {""bookmaker"": ""Unibet (SE)"", ""odds"": 4.5, ""stake_pct"": 22.65, ""stake_amount"": 226.49}, ""Manchester United"": {""bookmaker"": ""Betfair"", ""odds"": 1.92, ""stake_pct"": 53.08, ""stake_amount"": 530.84}, ""Draw"": {""bookmaker"": ""Unibet (SE)"", ""odds"": 4.2, ""stake_pct"": 24.27, ""stake_amount"": 242.67}}"
2026-04-18 10:45 UTC,ARBITRAGE,soccer,Nottingham Forest vs Burnley,EPL,h2h,1.387,SURE,13.87,"{""Draw"": {""bookmaker"": ""Unibet (NL)"", ""odds"": 4.7, ""stake_pct"": 21.58, ""stake_amount"": 215.76}, ""Nottingham Forest"": {""bookmaker"": ""GTbets"", ""odds"": 1.55, ""stake_pct"": 65.42, ""stake_amount"": 654.23}, ""Burnley"": {""bookmaker"": ""Betfair"", ""odds"": 7.8, ""stake_pct"": 13.0, ""stake_amount"": 130.01}}"
2026-04-18 10:45 UTC,ARBITRAGE,soccer,Rayo Vallecano vs Espanyol,La Liga - Spain,h2h,1.34,SURE,13.4,"{""Espanyol"": {""bookmaker"": ""Coolbet"", ""odds"": 4.0, ""stake_pct"": 25.34, ""stake_amount"": 253.4}, ""Draw"": {""bookmaker"": ""Betfair"", ""odds"": 3.4, ""stake_pct"": 29.81, ""stake_amount"": 298.11}, ""Rayo Vallecano"": {""bookmaker"": ""1xBet"", ""odds"": 2.26, ""stake_pct"": 44.85, ""stake_amount"": 448.49}}"
2026-04-18 10:45 UTC,ARBITRAGE,soccer,Bayer Leverkusen vs Augsburg,Bundesliga - Germany,h2h,1.242,SURE,12.42,"{""Augsburg"": {""bookmaker"": ""Unibet (NL)"", ""odds"": 7.5, ""stake_pct"": 13.5, ""stake_amount"": 135.01}, ""Bayer Leverkusen"": {""bookmaker"": ""1xBet"", ""odds"": 1.48, ""stake_pct"": 68.42, ""stake_amount"": 684.17}, ""Draw"": {""bookmaker"": ""Betfair"", ""odds"": 5.6, ""stake_pct"": 18.08, ""stake_amount"": 180.82}}"
2026-04-18 10:45 UTC,ARBITRAGE,soccer,Brentford vs Fulham,EPL,h2h,1.215,SURE,12.15,"{""Brentford"": {""bookmaker"": ""GTbets"", ""odds"": 2.12, ""stake_pct"": 47.75, ""stake_amount"": 477.5}, ""Fulham"": {""bookmaker"": ""Betfair"", ""odds"": 3.9, ""stake_pct"": 25.96, ""stake_amount"": 259.56}, ""Draw"": {""bookmaker"": ""Smarkets"", ""odds"": 3.85, ""stake_pct"": 26.29, ""stake_amount"": 262.94}}"
2026-04-18 10:45 UTC,ARBITRAGE,soccer,Fiorentina vs Sassuolo,Serie A - Italy,h2h,1.049,SURE,10.49,"{""Draw"": {""bookmaker"": ""Unibet (SE)"", ""odds"": 3.55, ""stake_pct"": 28.47, ""stake_amount"": 284.68}, ""Fiorentina"": {""bookmaker"": ""Nordic Bet"", ""odds"": 2.02, ""stake_pct"": 50.03, ""stake_amount"": 500.3}, ""Sassuolo"": {""bookmaker"": ""BetOnline.ag"", ""odds"": 4.7, ""stake_pct"": 21.5, ""stake_amount"": 215.02}}"
2026-04-18 10:45 UTC,ARBITRAGE,soccer,Borussia Dortmund vs SC Freiburg,Bundesliga - Germany,h2h,1.049,SURE,10.49,"{""Borussia Dortmund"": {""bookmaker"": ""Unibet (SE)"", ""odds"": 1.51, ""stake_pct"": 66.93, ""stake_amount"": 669.27}, ""Draw"": {""bookmaker"": ""Tipico"", ""odds"": 5.2, ""stake_pct"": 19.43, ""stake_amount"": 194.35}, ""SC Freiburg"": {""bookmaker"": ""1xBet"", ""odds"": 7.41, ""stake_pct"": 13.64, ""stake_amount"": 136.38}}"
2026-04-18 10:45 UTC,ARBITRAGE,soccer,Pisa vs Genoa,Serie A - Italy,h2h,0.851,SURE,8.51,"{""Genoa"": {""bookmaker"": ""Betfair"", ""odds"": 2.56, ""stake_pct"": 39.4, ""stake_amount"": 393.98}, ""Draw"": {""bookmaker"": ""GTbets"", ""odds"": 3.26, ""stake_pct"": 30.94, ""stake_amount"": 309.38}, ""Pisa"": {""bookmaker"": ""Unibet (NL)"", ""odds"": 3.4, ""stake_pct"": 29.66, ""stake_amount"": 296.64}}"
2026-04-18 10:45 UTC,ARBITRAGE,soccer,Napoli vs Lazio,Serie A - Italy,h2h,0.797,SURE,7.97,"{""Draw"": {""bookmaker"": ""Winamax (DE)"", ""odds"": 4.2, ""stake_pct"": 24.0, ""stake_amount"": 240.01}, ""Napoli"": {""bookmaker"": ""1xBet"", ""odds"": 1.59, ""stake_pct"": 63.4, ""stake_amount"": 633.99}, ""Lazio"": {""bookmaker"": ""Smarkets"", ""odds"": 8.0, ""stake_pct"": 12.6, ""stake_amount"": 126.0}}"
2026-04-18 10:45 UTC,ARBITRAGE,soccer,Strasbourg vs Rennes,Ligue 1 - France,h2h,0.747,SURE,7.47,"{""Rennes"": {""bookmaker"": ""GTbets"", ""odds"": 2.61, ""stake_pct"": 38.6, ""stake_amount"": 386.02}, ""Strasbourg"": {""bookmaker"": ""Betfair"", ""odds"": 2.86, ""stake_pct"": 35.23, ""stake_amount"": 352.28}, ""Draw"": {""bookmaker"": ""Betfair"", ""odds"": 3.85, ""stake_pct"": 26.17, ""stake_amount"": 261.69}}"
2026-04-18 10:45 UTC,ARBITRAGE,soccer,Atlético Madrid vs Athletic Bilbao,La Liga - Spain,h2h,0.736,SURE,7.36,"{""Atlético Madrid"": {""bookmaker"": ""1xBet"", ""odds"": 2.57, ""stake_pct"": 39.2, ""stake_amount"": 391.99}, ""Athletic Bilbao"": {""bookmaker"": ""Unibet (NL)"", ""odds"": 2.95, ""stake_pct"": 34.15, ""stake_amount"": 341.5}, ""Draw"": {""bookmaker"": ""1xBet"", ""odds"": 3.78, ""stake_pct"": 26.65, ""stake_amount"": 266.51}}"
2026-04-18 10:45 UTC,ARBITRAGE,soccer,Juventus vs Bologna,Serie A - Italy,h2h,0.649,SURE,6.49,"{""Bologna"": {""bookmaker"": ""Betfair"", ""odds"": 7.6, ""stake_pct"": 13.24, ""stake_amount"": 132.44}, ""Juventus"": {""bookmaker"": ""1xBet"", ""odds"": 1.53, ""stake_pct"": 65.79, ""stake_amount"": 657.87}, ""Draw"": {""bookmaker"": ""Betfair"", ""odds"": 4.8, ""stake_pct"": 20.97, ""stake_amount"": 209.69}}"
2026-04-18 10:45 UTC,ARBITRAGE,soccer,Hellas Verona vs Lecce,Serie A - Italy,h2h,0.644,SURE,6.44,"{""Lecce"": {""bookmaker"": ""Unibet (NL)"", ""odds"": 3.75, ""stake_pct"": 26.84, ""stake_amount"": 268.4}, ""Draw"": {""bookmaker"": ""1xBet"", ""odds"": 3.38, ""stake_pct"": 29.78, ""stake_amount"": 297.78}, ""Hellas Verona"": {""bookmaker"": ""Betfair"", ""odds"": 2.32, ""stake_pct"": 43.38, ""stake_amount"": 433.83}}"
2026-04-18 10:45 UTC,ARBITRAGE,soccer,AS Monaco vs Auxerre,Ligue 1 - France,h2h,0.609,SURE,6.09,"{""AS Monaco"": {""bookmaker"": ""GTbets"", ""odds"": 1.6, ""stake_pct"": 62.88, ""stake_amount"": 628.83}, ""Draw"": {""bookmaker"": ""Unibet (FR)"", ""odds"": 4.6, ""stake_pct"": 21.87, ""stake_amount"": 218.72}, ""Auxerre"": {""bookmaker"": ""Betfair"", ""odds"": 6.6, ""stake_pct"": 15.24, ""stake_amount"": 152.44}}"
2026-04-18 10:45 UTC,ARBITRAGE,soccer,Girona vs Real Betis,La Liga - Spain,h2h,0.561,SURE,5.61,"{""Girona"": {""bookmaker"": ""1xBet"", ""odds"": 2.78, ""stake_pct"": 36.17, ""stake_amount"": 361.74}, ""Draw"": {""bookmaker"": ""Unibet (SE)"", ""odds"": 3.45, ""stake_pct"": 29.15, ""stake_amount"": 291.49}, ""Real Betis"": {""bookmaker"": ""Unibet (SE)"", ""odds"": 2.9, ""stake_pct"": 34.68, ""stake_amount"": 346.77}}"
2026-04-18 10:45 UTC,ARBITRAGE,soccer,Lorient vs Strasbourg,Ligue 1 - France,h2h,0.52,SURE,5.2,"{""Strasbourg"": {""bookmaker"": ""1xBet"", ""odds"": 2.47, ""stake_pct"": 40.7, ""stake_amount"": 406.98}, ""Draw"": {""bookmaker"": ""1xBet"", ""odds"": 3.67, ""stake_pct"": 27.39, ""stake_amount"": 273.9}, ""Lorient"": {""bookmaker"": ""Unibet (NL)"", ""odds"": 3.15, ""stake_pct"": 31.91, ""stake_amount"": 319.12}}"
2026-04-18 10:45 UTC,VALUE_BET,basketball,Panathinaikos vs AS Monaco,Basketball Euroleague,h2h,29.5,ALTA,21.07,AS Monaco@4.5 (Paddy Power)
2026-04-18 10:45 UTC,VALUE_BET,basketball,Panathinaikos vs AS Monaco,Basketball Euroleague,h2h,29.5,ALTA,21.07,AS Monaco@4.5 (Coolbet)
2026-04-18 10:45 UTC,VALUE_BET,basketball,Panathinaikos vs AS Monaco,Basketball Euroleague,h2h,29.5,ALTA,21.07,AS Monaco@4.5 (Betway)
2026-04-18 10:45 UTC,VALUE_BET,basketball,Panathinaikos vs AS Monaco,Basketball Euroleague,h2h,25.47,ALTA,18.95,AS Monaco@4.36 (1xBet)
2026-04-18 10:45 UTC,VALUE_BET,basketball,Panathinaikos vs AS Monaco,Basketball Euroleague,h2h,24.61,ALTA,18.47,AS Monaco@4.33 (BoyleSports)
2026-04-18 10:45 UTC,VALUE_BET,basketball,Panathinaikos vs AS Monaco,Basketball Euroleague,h2h,24.61,ALTA,18.47,AS Monaco@4.33 (Marathon Bet)
2026-04-18 10:45 UTC,VALUE_BET,basketball,Panathinaikos vs AS Monaco,Basketball Euroleague,h2h,23.74,ALTA,17.99,AS Monaco@4.3 (MyBookie.ag)
2026-04-18 10:45 UTC,VALUE_BET,basketball,Panathinaikos vs AS Monaco,Basketball Euroleague,h2h,23.74,ALTA,17.99,AS Monaco@4.3 (Winamax (DE))
2026-04-18 10:45 UTC,VALUE_BET,soccer,Fiorentina vs Sassuolo,Serie A - Italy,h2h,16.45,ALTA,11.12,Sassuolo@4.7 (BetOnline.ag)
2026-04-18 10:45 UTC,VALUE_BET,soccer,Torino vs Inter Milan,Serie A - Italy,h2h,14.67,ALTA,9.17,Draw@5.0 (Tipico)
2026-04-18 10:45 UTC,VALUE_BET,hockey,Vegas Golden Knights vs Utah Mammoth,NHL,h2h,14.55,ALTA,17.15,Utah Mammoth@3.12 (1xBet)
2026-04-18 10:45 UTC,VALUE_BET,hockey,Edmonton Oilers vs Anaheim Ducks,NHL,h2h,14.44,ALTA,16.26,Anaheim Ducks@3.22 (Coolbet)
2026-04-18 10:45 UTC,VALUE_BET,hockey,Edmonton Oilers vs Anaheim Ducks,NHL,h2h,14.08,ALTA,15.93,Anaheim Ducks@3.21 (1xBet)
2026-04-18 10:45 UTC,VALUE_BET,hockey,Vegas Golden Knights vs Utah Mammoth,NHL,h2h,13.81,ALTA,16.44,Utah Mammoth@3.1 (Unibet (SE))
2026-04-18 10:45 UTC,VALUE_BET,hockey,Vegas Golden Knights vs Utah Mammoth,NHL,h2h,13.81,ALTA,16.44,Utah Mammoth@3.1 (LeoVegas (SE))
2026-04-18 18:56 UTC,ARBITRAGE,soccer,Angers vs Le Havre,Ligue 1 - France,h2h,11.556,SURE,115.56,"{""Draw"": {""bookmaker"": ""Suprabets"", ""odds"": 1.23, ""stake_pct"": 91.92, ""stake_amount"": 919.24}, ""Le Havre"": {""bookmaker"": ""Matchbook"", ""odds"": 42.0, ""stake_pct"": 2.69, ""stake_amount"": 26.92}, ""Angers"": {""bookmaker"": ""LiveScore Bet"", ""odds"": 21.0, ""stake_pct"": 5.38, ""stake_amount"": 53.84}}"
2026-04-18 18:56 UTC,ARBITRAGE,soccer,Angers vs Le Havre,Ligue 1 - France,totals,9.948,SURE,99.48,"{""Under 2.5"": {""bookmaker"": ""Pinnacle"", ""odds"": 1.21, ""stake_pct"": 91.77, ""stake_amount"": 917.74}, ""Over 2.5"": {""bookmaker"": ""Betsson"", ""odds"": 13.5, ""stake_pct"": 8.23, ""stake_amount"": 82.26}}"
2026-04-18 18:56 UTC,ARBITRAGE,soccer,VfB Stuttgart vs Werder Bremen,Bundesliga - Germany,h2h,2.513,SURE,25.13,"{""Draw"": {""bookmaker"": ""Unibet (NL)"", ""odds"": 4.5, ""stake_pct"": 22.8, ""stake_amount"": 227.95}, ""VfB Stuttgart"": {""bookmaker"": ""1xBet"", ""odds"": 1.67, ""stake_pct"": 61.42, ""stake_amount"": 614.24}, ""Werder Bremen"": {""bookmaker"": ""BetOnline.ag"", ""odds"": 6.5, ""stake_pct"": 15.78, ""stake_amount"": 157.81}}"
2026-04-18 18:56 UTC,ARBITRAGE,soccer,Getafe vs Barcelona,La Liga - Spain,h2h,2.344,SURE,23.44,"{""Draw"": {""bookmaker"": ""1xBet"", ""odds"": 4.78, ""stake_pct"": 21.42, ""stake_amount"": 214.23}, ""Getafe"": {""bookmaker"": ""Betfair"", ""odds"": 6.2, ""stake_pct"": 16.52, ""stake_amount"": 165.16}, ""Barcelona"": {""bookmaker"": ""Unibet (NL)"", ""odds"": 1.65, ""stake_pct"": 62.06, ""stake_amount"": 620.61}}"
2026-04-18 18:56 UTC,ARBITRAGE,soccer,Hamburger SV vs TSG Hoffenheim,Bundesliga - Germany,h2h,1.866,SURE,18.66,"{""Draw"": {""bookmaker"": ""1xBet"", ""odds"": 4.21, ""stake_pct"": 24.2, ""stake_amount"": 242.05}, ""Hamburger SV"": {""bookmaker"": ""1xBet"", ""odds"": 4.02, ""stake_pct"": 25.35, ""stake_amount"": 253.49}, ""TSG Hoffenheim"": {""bookmaker"": ""Unibet (NL)"", ""odds"": 2.02, ""stake_pct"": 50.45, ""stake_amount"": 504.47}}"
2026-04-18 18:56 UTC,ARBITRAGE,soccer,Nottingham Forest vs Burnley,EPL,h2h,1.387,SURE,13.87,"{""Draw"": {""bookmaker"": ""Unibet (NL)"", ""odds"": 4.7, ""stake_pct"": 21.58, ""stake_amount"": 215.76}, ""Nottingham Forest"": {""bookmaker"": ""GTbets"", ""odds"": 1.55, ""stake_pct"": 65.42, ""stake_amount"": 654.23}, ""Burnley"": {""bookmaker"": ""Betfair"", ""odds"": 7.8, ""stake_pct"": 13.0, ""stake_amount"": 130.01}}"
2026-04-18 18:56 UTC,ARBITRAGE,soccer,Borussia Dortmund vs SC Freiburg,Bundesliga - Germany,h2h,1.386,SURE,13.86,"{""Draw"": {""bookmaker"": ""Tipico"", ""odds"": 5.2, ""stake_pct"": 19.5, ""stake_amount"": 195.01}, ""SC Freiburg"": {""bookmaker"": ""Betfair"", ""odds"": 7.6, ""stake_pct"": 13.34, ""stake_amount"": 133.43}, ""Borussia Dortmund"": {""bookmaker"": ""Unibet (SE)"", ""odds"": 1.51, ""stake_pct"": 67.16, ""stake_amount"": 671.56}}"
2026-04-18 18:56 UTC,ARBITRAGE,soccer,FSV Mainz 05 vs Bayern Munich,Bundesliga - Germany,h2h,1.185,SURE,11.85,"{""FSV Mainz 05"": {""bookmaker"": ""Unibet (SE)"", ""odds"": 6.25, ""stake_pct"": 16.19, ""stake_amount"": 161.92}, ""Draw"": {""bookmaker"": ""1xBet"", ""odds"": 5.23, ""stake_pct"": 19.35, ""stake_amount"": 193.5}, ""Bayern Munich"": {""bookmaker"": ""Betfair"", ""odds"": 1.57, ""stake_pct"": 64.46, ""stake_amount"": 644.58}}"
2026-04-18 18:56 UTC,ARBITRAGE,soccer,Pisa vs Genoa,Serie A - Italy,h2h,1.131,SURE,11.31,"{""Draw"": {""bookmaker"": ""1xBet"", ""odds"": 3.29, ""stake_pct"": 30.74, ""stake_amount"": 307.43}, ""Genoa"": {""bookmaker"": ""Betfair"", ""odds"": 2.56, ""stake_pct"": 39.51, ""stake_amount"": 395.09}, ""Pisa"": {""bookmaker"": ""Unibet (NL)"", ""odds"": 3.4, ""stake_pct"": 29.75, ""stake_amount"": 297.48}}"
2026-04-18 18:56 UTC,ARBITRAGE,soccer,Fiorentina vs Sassuolo,Serie A - Italy,h2h,1.049,SURE,10.49,"{""Draw"": {""bookmaker"": ""Unibet (SE)"", ""odds"": 3.55, ""stake_pct"": 28.47, ""stake_amount"": 284.68}, ""Fiorentina"": {""bookmaker"": ""Nordic Bet"", ""odds"": 2.02, ""stake_pct"": 50.03, ""stake_amount"": 500.3}, ""Sassuolo"": {""bookmaker"": ""BetOnline.ag"", ""odds"": 4.7, ""stake_pct"": 21.5, ""stake_amount"": 215.02}}"
2026-04-18 18:56 UTC,ARBITRAGE,soccer,Paris Saint Germain vs Lyon,Ligue 1 - France,h2h,1.018,SURE,10.18,"{""Draw"": {""bookmaker"": ""Unibet (FR)"", ""odds"": 6.5, ""stake_pct"": 15.54, ""stake_amount"": 155.43}, ""Lyon"": {""bookmaker"": ""Matchbook"", ""odds"": 10.5, ""stake_pct"": 9.62, ""stake_amount"": 96.22}, ""Paris Saint Germain"": {""bookmaker"": ""1xBet"", ""odds"": 1.35, ""stake_pct"": 74.84, ""stake_amount"": 748.36}}"
2026-04-18 18:56 UTC,ARBITRAGE,soccer,Rayo Vallecano vs Espanyol,La Liga - Spain,h2h,0.901,SURE,9.01,"{""Draw"": {""bookmaker"": ""Betfair"", ""odds"": 3.35, ""stake_pct"": 30.12, ""stake_amount"": 301.22}, ""Rayo Vallecano"": {""bookmaker"": ""1xBet"", ""odds"": 2.26, ""stake_pct"": 44.65, ""stake_amount"": 446.5}, ""Espanyol"": {""bookmaker"": ""Coolbet"", ""odds"": 4.0, ""stake_pct"": 25.23, ""stake_amount"": 252.27}}"
2026-04-18 18:56 UTC,ARBITRAGE,soccer,Cagliari vs Atalanta BC,Serie A - Italy,h2h,0.807,SURE,8.07,"{""Draw"": {""bookmaker"": ""BetOnline.ag"", ""odds"": 4.15, ""stake_pct"": 24.29, ""stake_amount"": 242.92}, ""Cagliari"": {""bookmaker"": ""Unibet (SE)"", ""odds"": 5.2, ""stake_pct"": 19.39, ""stake_amount"": 193.87}, ""Atalanta BC"": {""bookmaker"": ""1xBet"", ""odds"": 1.79, ""stake_pct"": 56.32, ""stake_amount"": 563.2}}"
2026-04-18 18:56 UTC,ARBITRAGE,soccer,Manchester United vs Brentford,EPL,h2h,0.659,SURE,6.59,"{""Draw"": {""bookmaker"": ""1xBet"", ""odds"": 4.12, ""stake_pct"": 24.43, ""stake_amount"": 244.33}, ""Manchester United"": {""bookmaker"": ""Betfair"", ""odds"": 1.93, ""stake_pct"": 52.16, ""stake_amount"": 521.57}, ""Brentford"": {""bookmaker"": ""Unibet (SE)"", ""odds"": 4.3, ""stake_pct"": 23.41, ""stake_amount"": 234.1}}"
2026-04-18 18:56 UTC,ARBITRAGE,soccer,Lorient vs Strasbourg,Ligue 1 - France,h2h,0.649,SURE,6.49,"{""Strasbourg"": {""bookmaker"": ""1xBet"", ""odds"": 2.46, ""stake_pct"": 40.92, ""stake_amount"": 409.16}, ""Draw"": {""bookmaker"": ""1xBet"", ""odds"": 3.71, ""stake_pct"": 27.13, ""stake_amount"": 271.3}, ""Lorient"": {""bookmaker"": ""Unibet (NL)"", ""odds"": 3.15, ""stake_pct"": 31.95, ""stake_amount"": 319.54}}"
2026-04-18 18:56 UTC,ARBITRAGE,soccer,Hellas Verona vs Lecce,Serie A - Italy,h2h,0.644,SURE,6.44,"{""Draw"": {""bookmaker"": ""1xBet"", ""odds"": 3.38, ""stake_pct"": 29.78, ""stake_amount"": 297.78}, ""Lecce"": {""bookmaker"": ""Unibet (NL)"", ""odds"": 3.75, ""stake_pct"": 26.84, ""stake_amount"": 268.4}, ""Hellas Verona"": {""bookmaker"": ""Betfair"", ""odds"": 2.32, ""stake_pct"": 43.38, ""stake_amount"": 433.83}}"
2026-04-18 18:56 UTC,ARBITRAGE,soccer,Lille vs Nice,Ligue 1 - France,h2h,0.58,SURE,5.8,"{""Draw"": {""bookmaker"": ""1xBet"", ""odds"": 4.85, ""stake_pct"": 20.74, ""stake_amount"": 207.39}, ""Lille"": {""bookmaker"": ""Unibet (SE)"", ""odds"": 1.55, ""stake_pct"": 64.89, ""stake_amount"": 648.92}, ""Nice"": {""bookmaker"": ""Betfair"", ""odds"": 7.0, ""stake_pct"": 14.37, ""stake_amount"": 143.69}}"
2026-04-18 18:56 UTC,ARBITRAGE,soccer,Girona vs Real Betis,La Liga - Spain,h2h,0.561,SURE,5.61,"{""Draw"": {""bookmaker"": ""Unibet (SE)"", ""odds"": 3.45, ""stake_pct"": 29.15, ""stake_amount"": 291.49}, ""Real Betis"": {""bookmaker"": ""Unibet (SE)"", ""odds"": 2.9, ""stake_pct"": 34.68, ""stake_amount"": 346.77}, ""Girona"": {""bookmaker"": ""1xBet"", ""odds"": 2.78, ""stake_pct"": 36.17, ""stake_amount"": 361.74}}"
2026-04-18 18:56 UTC,ARBITRAGE,soccer,Juventus vs Bologna,Serie A - Italy,h2h,0.557,SURE,5.57,"{""Bologna"": {""bookmaker"": ""Smarkets"", ""odds"": 7.8, ""stake_pct"": 12.89, ""stake_amount"": 128.92}, ""Draw"": {""bookmaker"": ""Betfair"", ""odds"": 4.8, ""stake_pct"": 20.95, ""stake_amount"": 209.5}, ""Juventus"": {""bookmaker"": ""1xBet"", ""odds"": 1.52, ""stake_pct"": 66.16, ""stake_amount"": 661.58}}"
2026-04-18 18:56 UTC,ARBITRAGE,soccer,Genoa vs Como,Serie A - Italy,h2h,0.51,SURE,5.1,"{""Draw"": {""bookmaker"": ""BetOnline.ag"", ""odds"": 3.75, ""stake_pct"": 26.8, ""stake_amount"": 268.03}, ""Genoa"": {""bookmaker"": ""Betfair"", ""odds"": 4.7, ""stake_pct"": 21.39, ""stake_amount"": 213.86}, ""Como"": {""bookmaker"": ""1xBet"", ""odds"": 1.94, ""stake_pct"": 51.81, ""stake_amount"": 518.11}}"
2026-04-18 18:56 UTC,ARBITRAGE,basketball,San Antonio Spurs vs Portland Trail Blazers,NBA,h2h,0.489,SURE,4.89,"{""Portland Trail Blazers"": {""bookmaker"": ""Betfair"", ""odds"": 5.7, ""stake_pct"": 17.63, ""stake_amount"": 176.3}, ""San Antonio Spurs"": {""bookmaker"": ""1xBet"", ""odds"": 1.22, ""stake_pct"": 82.37, ""stake_amount"": 823.7}}"
2026-04-18 18:56 UTC,VALUE_BET,hockey,Carolina Hurricanes vs Ottawa Senators,NHL,h2h,22.85,ALTA,25.16,Ottawa Senators@3.27 (1xBet)
2026-04-18 18:56 UTC,VALUE_BET,hockey,Edmonton Oilers vs Anaheim Ducks,NHL,h2h,20.74,ALTA,20.74,Anaheim Ducks@3.5 (Unibet (SE))
2026-04-18 18:56 UTC,VALUE_BET,hockey,Edmonton Oilers vs Anaheim Ducks,NHL,h2h,20.74,ALTA,20.74,Anaheim Ducks@3.5 (LeoVegas (SE))
2026-04-18 18:56 UTC,VALUE_BET,soccer,Bournemouth vs Crystal Palace,EPL,h2h,18.34,ALTA,11.85,Crystal Palace@4.87 (1xBet)
2026-04-18 18:56 UTC,VALUE_BET,hockey,Edmonton Oilers vs Anaheim Ducks,NHL,h2h,17.29,ALTA,18.01,Anaheim Ducks@3.4 (Unibet (NL))
2026-04-18 18:56 UTC,VALUE_BET,hockey,Edmonton Oilers vs Anaheim Ducks,NHL,h2h,17.29,ALTA,18.01,Anaheim Ducks@3.4 (Casumo)
2026-04-18 18:56 UTC,VALUE_BET,hockey,Edmonton Oilers vs Anaheim Ducks,NHL,h2h,17.29,ALTA,18.01,Anaheim Ducks@3.4 (Grosvenor)
2026-04-18 18:56 UTC,VALUE_BET,soccer,Bournemouth vs Crystal Palace,EPL,h2h,16.64,ALTA,10.95,Crystal Palace@4.8 (Codere (IT))
2026-04-18 18:56 UTC,VALUE_BET,soccer,Fiorentina vs Sassuolo,Serie A - Italy,h2h,16.45,ALTA,11.12,Sassuolo@4.7 (BetOnline.ag)
2026-04-18 18:56 UTC,VALUE_BET,soccer,Arsenal vs Fulham,EPL,h2h,15.78,ALTA,10.61,Draw@4.72 (1xBet)
2026-04-18 18:56 UTC,VALUE_BET,basketball,Panathinaikos vs AS Monaco,Basketball Euroleague,h2h,15.66,ALTA,11.18,AS Monaco@4.5 (Paddy Power)
2026-04-18 18:56 UTC,VALUE_BET,basketball,Panathinaikos vs AS Monaco,Basketball Euroleague,h2h,15.66,ALTA,11.18,AS Monaco@4.5 (Coolbet)
2026-04-18 18:56 UTC,VALUE_BET,basketball,Panathinaikos vs AS Monaco,Basketball Euroleague,h2h,15.66,ALTA,11.18,AS Monaco@4.5 (Betway)
2026-04-18 18:56 UTC,VALUE_BET,hockey,Edmonton Oilers vs Anaheim Ducks,NHL,h2h,15.56,ALTA,16.55,Anaheim Ducks@3.35 (LeoVegas)
2026-04-18 18:56 UTC,VALUE_BET,soccer,Chelsea vs Nottingham Forest,EPL,h2h,15.55,ALTA,10.89,Nottingham Forest@4.57 (1xBet)
